Details about  Amazon Echo Dot 3rd Generation w/ Alexa Voice Media Device - BRAND NEW,$29.89,US,40,https://www.ebay.com/itm/Amazon-Echo-Dot-3rd-Generation-w-Alexa-Voice-Media-Device-BRAND-NEW/283840411198?epid=26024048451&hash=item421634f63e:g:AswAAOSwDQdejNOO
Details about  Amazon Echo Dot 2nd Gen Home Music Smart Assistant Speaker w/ Alexa - White,$19.99/ea,US,100%,https://www.ebay.com/itm/Amazon-Echo-Dot-2nd-Gen-Home-Music-Smart-Assistant-Speaker-w-Alexa-White/333403485847?epid=230253940&hash=item4da0657697:g:0EoAAOSw0BVeW-lX
Details about  Amazon Echo Dot 3rd Generation w/ Alexa Voice Media Device - BRAND NEW,$33.99/ea,US,100%,https://www.ebay.com/itm/Amazon-Echo-Dot-3rd-Generation-w-Alexa-Voice-Media-Device-BRAND-NEW/264685188150?epid=26024048451&_trkparms=ispr%3D1&hash=item3da0777436:g:mr8AAOSwIGleg5Av&enc=AQAEAAACUBPxNw%2BVj6nta7CKEs3N0qU2pd8tbSiSqP5SzJep%2B%2FW%2BkRPANizEcnJz6aTfHYSjAvkmUx4RnG%2B7zhm%2FxQsmSMfeCvFsXXFe0SScctpWpvwneqoGNCW78QfaQjCrAlGyQWSwz%2BEF3BNdzJP4z%2BiJP2jdZWEnSQJoTfOGfzahXx%2F0neCt%2FV3nWKbzFhhwz8lhEhxs0XqRIotIpM8zRfMGurR%2BgtLxH7rUPA2kATR%2BmLgMn%2FOn3Jxu1DdiMG9UbxehsgO4rv1YAtJ9ocAk9E%2FoSsg5JU45hN2rc5zBeWZdRejiq4mkE%2FNCJf5ZEfCQqVam9RvMNznutRPUtl02j%2Fi%2Bw%2BgnTEB27pl0RKdzbCKUtkKg7AfW8wSIhMj5Bks3P%2BVAxrQ%2BASv1jbvsrQn%2FH7flQcwZk%2FHumnwDCwdQG2VWe%2F2AP5O1RHJTtJMuziJv1asvq47MQTJuaHZZ40DpovAwmCK4OCO31JuohfVK%2FMWz%2Fwhma47iePLSCstblwr8Y0ajjaAdt1Beyav0qYRgr%2BvZ6cO%2BT2H87tbjIcDjXNGDwwICv72ABbQU8ZrGhDZOwLA0O4V4J6175%2FuaslCRTo9fDs5xWyqmHQVYkEq72eC52tQV2YwxbOKQH%2B%2FEwjSOtY2a%2BCHJno4yhUUREmoaZXPkYEiT7o4aBSwBco%2BDUCULqzkp1g9ZhRriojmAWWnQi5njuP9L%2FhwPPwKKZAB0AcgoHRgavQ0Jv6eYSw8blAWISfHDGSYunxh7IFr3tPAqDq6%2BdDrcCMzs%2FaW%2Bs91jZjDiFww%3D&checksum=264685188150602d7f22a4f3414581b72099273f0c74
Details about  Amazon Echo Dot 3rd Generation w/ Alexa Voice Media Device - Charcoal*BRAND NEW*,$45.95/ea,US,100%,https://www.ebay.com/itm/Amazon-Echo-Dot-3rd-Generation-w-Alexa-Voice-Media-Device-Charcoal-BRAND-NEW/183915970090?_trkparms=ispr%3D1&hash=item2ad23efe2a:g:HCwAAOSwLVNdTtxI&enc=AQAEAAACUBPxNw%2BVj6nta7CKEs3N0qXOC1FZsttyq8oiJRVg02E8Jpu%2BnG%2BQQgtpaadfuTmNfZ32lelOWvHW%2FP4XMnATFYDRypSLJgqWfwmtd9Ddsph5Kh%2BIe4cb5xcMlxmxDNfkC%2FfH7CbQ4vmYNrzwTyia%2FzA0U5kt1XsbsjC5C81CIfftkg0mgcC3pPAe8YRMJ8YVI7eZHa3FH0Fo8RhxvzKtWe01DbSExDZ1TpDQhhPToIM3yKZpvWF%2Ff%2Fi5rEG%2F4n2NMVPUFlJHnnWDT%2F1DXFh9JDs4ztMnqL4LhM2WPIThXrEjqHLUS8ciq%2Fo8WVi3pG2t1U5zvckpC3XtH8n5zuur2Tc0Xu5%2BsOIGaER0HeYEsH7UXqinPr81KXNh2M0kI9Rgy9WuO%2FUu%2FFxYlKDkHeNknbMUSrv8lINl%2F0SaeLzpmaJcLmUJvnJUmicG4ko3YYxZtz6BZ3%2ByP9Hd7LPJUoo2f8WfA%2F5tv1uzX3N3WZiqP82MbU0KVOBZ5c1Nlfso%2FCX8jMrcvozsogPb9jroMXdZSniYfnkGkqyIGgtiaKQLNQWis3O1vV7nRoDVRk5qSHcez%2B1SL9eoQlWBK7djN%2FnSjhQSmc9BIwZnW6cD2b2ZROqyFyN4Kkb9G2Jq4K%2FbHeL3U6LqFW2k4KeT5PrZd2Oqy4NhxjcVm276MqGj8WVnQ%2BCuPpNt3dSz7NeeggbVClTdbdyb8H8YC3fx55VQbVl8pOkbIt2FGMo0VzMluizxCZOlukD1Gm4gz9t%2BqO5CLN3fDOsiHaa626sWue0JOVa8NAQ%3D&checksum=183915970090602d7f22a4f3414581b72099273f0c74
Details about  Amazon Echo Dot 2nd Generation w/ Alexa Voice Media Device New Factory Sealed,$27.49,US,100%,https://www.ebay.com/itm/Amazon-Echo-Dot-2nd-Generation-w-Alexa-Voice-Media-Device-New-Factory-Sealed/233029448138?epid=241990937&_trkparms=ispr%3D1&hash=item3641a331ca:g:Z6AAAOSwkHFcAzXq&enc=AQAEAAACUBPxNw%2BVj6nta7CKEs3N0qXqALx3%2Bzb3qGOoohSGMhCfnLZR7XxaMEP1M%2FlSvfKV%2FQS43R01YXy71TDW2b%2BrbHbBqp18c1L8KIIpXUmeQz53HXsNpkki5YU0isSCDH1iBsM40rR70EnkZKdVtFd1nMSzp8GOBC0AGPqid03hst62Mk%2BG5UMqjrvgS4On1yLMi3TG8jqnlrwQzK8JoLxRrtVdrzsPp5q%2B39b0DvnZQzXUzXGOV%2FABZaWSoHz0vi%2F%2BN4iWq8e1BLbgOPXfKMgv2D0CgKk0FFY3gMC0bayMT9eZmj%2FgBwhF36GQC7p5l4CjZ3QYAXjCKB93P47q27fnsYp6FSHGDyvdfunVWFoogJw4L%2FBCympfjtf8ldQWxBJfXDo1SmmJyw2e0f3lIzRwTofnvzRGEy74j1BDhGXznD693ELcxm7VJwwUi27jLGM%2FXKR6yeEbZiP9UiOvUw5f0F4WfGmCYkHWuTbHe9AthEvmbYi8wa0acfeBeCGzEdr3P%2F2MxuMlZIyKI%2FY0l11rt83hLfCusZVGOlI7P0MH8TCFnkb5ueyxsod31N6jcsbJm1kVPBOpBIWrekgDaIpOD%2FTKQmZexOUSSbETHblfLdqZ8Ia18YqD5fzZR5Ce2Tde%2FrSEIGFuWfC9YTmEr1L3ikKJChrqpkjwD7klZBN7CdSOFbwfcFS6A8atHhlKqadvNf6t9EjKpgyZdrkgZ%2BXv7MuuGdGPMWEz8yaMGHiScFylo3xahikjG8TEdX4j6IUeOVeB21QxPj6ODAaXfsRS3qM%3D&checksum=233029448138602d7f22a4f3414581b72099273f0c74
Details about  Amazon Echo Dot 3rd Generation w/ Alexa Voice Media Device - Sandston BRAND NEW!,$32.99,US,100%,https://www.ebay.com/itm/Amazon-Echo-Dot-3rd-Generation-w-Alexa-Voice-Media-Device-Sandston-BRAND-NEW/264685184169?_trkparms=ispr%3D1&hash=item3da07764a9:g:fHkAAOSwHIleg49O&enc=AQAEAAACUBPxNw%2BVj6nta7CKEs3N0qW9kKq2tJtpmQmT9nCdDE2fH%2FFOm%2FbWFEqQ2WgzrknL7%2FkcedOZR%2FGF0U3RDLuBNC7k0WWuKhJHtM%2BOMv6rs0d4cUuESVBDOWapYp3tonkImpmuytI8kR%2BsJtbw9MSKBhfXh9lw8bBn2GssCG4OJftD9%2Bbts7lrDxB6ImbCvTgY%2Fr4KmqWf%2FuuEYcHr069yOfS8Zhg%2FJDvwj70iRWiYbA5nqC4tDIq3AwJyPNkO%2Ftj4cSn%2BCKnm3Spr7DQbafPrXJmzvsN2m0OZVFWAAITpl3VmOm2FlVbjyqikVzRPw39J9KG9NBBF%2FkMSIP63i8j0GgasCTbkszbl5fGKz6rW%2FCTEDURQMnTOI8e3kqfb0ojhS0OW5ga8n6hTrRdYxs85sNttxqNgHVUIq8%2FRsyXVNINRq9YPS%2Fdjkbutyk4QTzkotzOGhXEf0wYjzPPb69gvtx4Mw%2FIIkEhaXyDW71KxbYEULA1TIFSAwMfgca4Y44qiPcrGOw9iVhFGuxRcAPSoYtBPLR9%2BDgKcm8U8pFQLHVPnDpBzKkgB00B%2Bu3wVJar3K8QEwbGcv3NqgbWMJiCO3EtJzFExVcCYyfuFiJ1pknHPIfT0aUwIYpdWUxCABoM1fy%2FqN2vDKZz0j%2BYFMhzSmk6OdasuEviWBY%2FDkWSya%2B0LcdEi%2BjM4lISojzpc%2FSvKA8hD2Q1nDtAJp%2BHTeX7ZlYJ944lZ%2F%2FpFFe1XD4%2FICfLS1SSq20nnVF9DO9tRgfV1C2wpd6HmlWmqk6AE1NEKtUs%3D&checksum=264685184169602d7f22a4f3414581b72099273f0c74
Details about  Amazon Echo Dot (2nd Generation) Smart Speaker - Black,$6.50,US,Limited,https://www.ebay.com/itm/Amazon-Echo-Dot-2nd-Generation-Smart-Speaker-Black/313047800601?hash=item48e31a5b19:g:~-kAAOSwxxJecAHc
Details about  Amazon Echo Dot 3rd Generation Smart Speaker Sandstone White Brand New Sealed,$29.99,US,Free,https://www.ebay.com/itm/Amazon-Echo-Dot-3rd-Generation-Smart-Speaker-Sandstone-White-Brand-New-Sealed/223965624991?hash=item3425643a9f:g:zyoAAOSwhtNehrwR
Details about  Amazon Echo Dot - 2nd Gen - Home Music Smart Assistant Speaker w/ Alexa - Black,$16.99/ea,US,100%,https://www.ebay.com/itm/Amazon-Echo-Dot-2nd-Gen-Home-Music-Smart-Assistant-Speaker-w-Alexa-Black/223948750177?epid=241990937&hash=item342462bd61:g:4rwAAOSwVqpeb--1
Details about  Amazon Echo Dot 2nd Generation w/ Alexa Voice Media Device: black or white,$19.80/ea,US,100%,https://www.ebay.com/itm/Amazon-Echo-Dot-2nd-Generation-w-Alexa-Voice-Media-Device-black-or-white/143429176734?var=442374625307&hash=item21650b8d9e:g:cG8AAOSwpBddvF~F
Details about  Amazon Echo Dot 3rd Generation w/ Alexa Voice Media Device - Charcoal (in ü§öüèª),$29.99,US,Last,https://www.ebay.com/itm/Amazon-Echo-Dot-3rd-Generation-w-Alexa-Voice-Media-Device-Charcoal-in/202963993509?epid=23033715208&hash=item2f4198c3a5:g:TysAAOSw9jdek8x-
Details about  Brand New Amazon Echo Dot (3rd Generation) Smart Speaker - Heather Gray,$22.50,US,,https://www.ebay.com/itm/Brand-New-Amazon-Echo-Dot-3rd-Generation-Smart-Speaker-Heather-Gray/114178727244?epid=26024048451&hash=item1a95951d4c:g:Ev4AAOSwJrdejoLQ
Details about  Amazon Echo Dot  3RD Gen  Sandstone Charcoal Gray Plum NEW SEALED,$34.99/ea,US,Free,https://www.ebay.com/itm/Amazon-Echo-Dot-3RD-Gen-Sandstone-Charcoal-Gray-Plum-NEW-SEALED/323530944065?var=513045919255&epid=8035047628&hash=item4b53f26e41:m:mw5kmy56E3MFDOQ7MMJFy_w
Details about  Amazon - Echo Dot (2nd generation) - Smart Speaker with Alexa - Black,$17.99,US,Free,https://www.ebay.com/itm/Amazon-Echo-Dot-2nd-generation-Smart-Speaker-with-Alexa-Black/192716993058?epid=241990937&hash=item2cded3f222:g:MO4AAOSw94dc-Wjv
Details about  Amazon Echo Dot (2nd Generation) Smart Assistant - White,$15.20,US,Ships,https://www.ebay.com/itm/Amazon-Echo-Dot-2nd-Generation-Smart-Assistant-White/133386308699?epid=230253940&hash=item1f0e718c5b:g:WnEAAOSwtKVaaHYq
Details about  New Amazon Echo Dot 3rd Generation w/ Alexa Voice - Heather Gray - Free Ship,$30.00,US,Free,https://www.ebay.com/itm/New-Amazon-Echo-Dot-3rd-Generation-w-Alexa-Voice-Heather-Gray-Free-Ship/254566942116?epid=13024253490&hash=item3b455f45a4:g:dcgAAOSwnfVekl~g
Details about  Amazon Echo Dot 2nd Generation,$19.95,US,Free,https://www.ebay.com/itm/Amazon-Echo-Dot-2nd-Generation/313053398911?epid=13027364339&hash=item48e36fc77f:g:8q8AAOSwUi5elJaA
Details about  Amazon Echo Dot 3rd Generation w/ Alexa Voice Media Device Sandstone BRAND NEW!,$25.99/ea,US,Ships,https://www.ebay.com/itm/Amazon-Echo-Dot-3rd-Generation-w-Alexa-Voice-Media-Device-Sandstone-BRAND-NEW/283844578313?hash=item4216748c09:g:0REAAOSwA9xeh1rS
Details about  Amazon Echo Dot 3rd Generation with Alexa Voice Media Device - Charcoal,$26.00,US,Longtime,https://www.ebay.com/itm/Amazon-Echo-Dot-3rd-Generation-with-Alexa-Voice-Media-Device-Charcoal/184249174222?epid=23033715208&hash=item2ae61b48ce:g:b74AAOSwiMtekeMR
Details about  Amazon Echo Dot (2nd Generation) Smart Assistant - White,$20.00,US,Free,https://www.ebay.com/itm/Amazon-Echo-Dot-2nd-Generation-Smart-Assistant-White/264698837705?epid=230253940&hash=item3da147bac9:g:zfAAAOSw6LZelJva
Details about  Amazon Echo Dot 3rd Generation  - Heather Gray,$27.99,US,Free,https://www.ebay.com/itm/Amazon-Echo-Dot-3rd-Generation-Heather-Gray/124151587843?epid=13024253490&hash=item1ce802e403:g:hMcAAOSw4kNeilcC
Details about  Amazon - Echo Dot (3rd Gen) - Smart Speaker with Alexa - Sandstone White,$25.00,US,Ships,https://www.ebay.com/itm/Amazon-Echo-Dot-3rd-Gen-Smart-Speaker-with-Alexa-Sandstone-White/164159921760?hash=item2638b19e60:g:iCoAAOSwNOxej2Nj
Details about  Amazon Echo Dot (3rd Gen) -Smart Speaker with Alexa- Heather Gray FREE SHIPPING,$32.00,US,100%,https://www.ebay.com/itm/Amazon-Echo-Dot-3rd-Gen-Smart-Speaker-with-Alexa-Heather-Gray-FREE-SHIPPING/153889769047?epid=26024048451&hash=item23d48b8657:g:TXwAAOSwnAJeh518
Details about  amazon echo dot kids edition,$10.51,US,100%,https://www.ebay.com/itm/amazon-echo-dot-kids-edition/324132093933?hash=item4b77c73fed:g:WMEAAOSwF7xekOEo
Details about  Amazon Echo Dot Smart Speaker - Sandstone,$29.99,US,Ships,https://www.ebay.com/itm/Amazon-Echo-Dot-Smart-Speaker-Sandstone/392747361078?epid=15034911819&hash=item5b71912336:g:PZkAAOSwEYRePBHO
Details about  Amazon Echo Dot 3rd Gen - Heather Gray NEW In Box,$29.99,US,100%,https://www.ebay.com/itm/Amazon-Echo-Dot-3rd-Gen-Heather-Gray-NEW-In-Box/392748205221?epid=13024253490&hash=item5b719e04a5:g:BegAAOSwOmtehlbh
"Details about  New Amazon Echo Dot 3rd Generation with Alexa, Ship ASAP, Grey",$29.99,US,Limited,https://www.ebay.com/itm/New-Amazon-Echo-Dot-3rd-Generation-with-Alexa-Ship-ASAP-Grey/274325196601?_trkparms=ispr%3D1&hash=item3fdf0e4f39:g:NYYAAOSwKWVehTTb&enc=AQAEAAACUBPxNw%2BVj6nta7CKEs3N0qWanoi5CfIMKNKzgMn35WCzg8TIlnp8VgoOmBtv8wJWd%2BChou3JVMUNfzRUI%2F1QGh2Y%2FZ3RCq7vKJcsZWF6AWboAhv6DEHymkSvGaRWswJDyZQeWCSPpS1LZd%2FMTGr04lB9rJPUOSl1lKCfSUUttIWNboNSoEGQBKzVtkTlJdZQItFt%2BKLycQQK2j7HGzYxfbNXA8Ma2OJvIHozOSdUZ3eg79aP%2BEsobn2Nz5qc9aZB7T3duhMy428WrKdhOXBFKeIBnnnIYKsAVNI3jLLEwTnQLxIvVSHzieKbr7JzdjXrOhVdZBaPbxn3SER1K7wAeRVdF7KU9BxBDK95QEXDl2GWkxvCx2t3jkwq51je%2FKk1f3jqQvwpd%2F2lbp1oxLTRA2DgJNYn%2BgWDrTSXN8kc5N355GalSBAulp9VXYBHgAOQw4VmUsQbYh1vy5H5S6ozRH2vJUsdB9%2F6rPu7k%2Bwa4wc1BGJ6Et8rgDUMnayLQGnyAf2GlSnrrYJc5HboC8vMjjB%2BapKAOpDGswhw9pN9OdxYnsouFZtJhqC7ntIQS%2FcwxZaMOI9dNA43oKaYqCXuKZftS0W2PUHYOtj6CaOUL7ezOdacFkmbFHSj8qyA5ngMVab%2Bo11HobfYfya96QYf38GIhUhi3TxnnhK6u9EnFXLq%2FjzSs%2BRFgAup57mFTCRz1nrzAm0cc3vRmKncjVAs%2BFEo0Qx3Fwd3F1iM%2BsQHwOv8QCD3zy%2FNLdu1jFD5IXFC75ZbITAv1AZc%2BkOx2s%2FidsM%3D&checksum=274325196601602d7f22a4f3414581b72099273f0c74
Details about  Amazon Echo Dot 3rd Gen - Smart speaker with Alexa - Heather Grey BRAND NEW,$39.98/ea,US,100%,https://www.ebay.com/itm/Amazon-Echo-Dot-3rd-Gen-Smart-speaker-with-Alexa-Heather-Grey-BRAND-NEW/313043068875?epid=26024048451&_trkparms=ispr%3D1&hash=item48e2d227cb:g:8HUAAOSwtzZeg53O&enc=AQAEAAACUBPxNw%2BVj6nta7CKEs3N0qUv2wKJmYqjpWCGRaij6DFgdTz7B95ipz3eJ0iGXpQqsX5K5HPp9RB%2BwS2bJhc7biT0jj4ZoMl3t9osim4EyDmznrGzxVIPSB%2Fw%2BMrF0VHc51vCEHc0%2BR9yq63BxIa5g1qVxPIwr3QskHorYAQO5wuf1wxgghrmTfYz%2BJhHPyNF04s56V9oz%2Fi8AmwO7mATj1dxzy3%2B2D%2BkNKfW4L9PfUjxNa%2BZBqbSRvT5yYnbATm5hh%2B4GXz1%2B6%2BVs4PMSXAo1QsWZkszEQ%2FY9XBN713CaDoxKCEgyafK8VcDL8vZpTalaNhzrZX6smnbMn0%2BOaAqtt9Gn32lmvPpo7lF93048fos5vK5z45fKu1kJEiPSqsAs25n549Ui3ylJ5fHvi7ClH8kbILAkniJg62R95Xzmrgx3Ziny%2B1tO1p8ec0TUKSeZzLdLMZ7ni3RKhV%2BJVMJbNX0EeZWi51Pr2THF96p8DFih0HG3TXpSpxqhgdg2Dd%2BpoF0I4QdbZkxO2%2Ffg6uPXy5mfODERxwYVM8zBTJSVFTFuGTJdmBGroVktXUrOHE5yhgj%2FyBa8BkX0c3s73yKFT1gpXTv%2B0WMQYmAFdkNlJs41Q2O%2BD1esRff4%2BUS5l5r%2FwBAXFl5AJmLs0f2RQp8OhRPNsk%2BbdzOFHr0wXSb3dsaXJhylNVNSCux0fBeuN09ORoWGCNPwcuLlSI3BRuj3gFWhw1UlmMVPi1s1nQbkC5mVoeCilvUE%2FDZUMG1ABjIVhuIdOr7boqmseOCt9QT%2BHU%3D&checksum=313043068875602d7f22a4f3414581b72099273f0c74
Details about  Amazon Echo Dot (3rd Generation) Smart Speaker with Clock - Sandstone,$43.00,US,Free,https://www.ebay.com/itm/Amazon-Echo-Dot-3rd-Generation-Smart-Speaker-with-Clock-Sandstone/174248044519?epid=6034528172&hash=item2891fe27e7:g:gBwAAOSwv9JeNsnD
Details about  Amazon Echo Dot 3rd Generation Smart Speaker ,$34.99,US,Free,https://www.ebay.com/itm/Amazon-Echo-Dot-3rd-Generation-Smart-Speaker/164159937284?epid=8035047628&hash=item2638b1db04:g:J84AAOSwO5BelKvu
Details about  Amazon Echo Dot (3rd generation) Smart Speaker with Alexa  (Sandstone),$33.99,US,Free,https://www.ebay.com/itm/Amazon-Echo-Dot-3rd-generation-Smart-Speaker-with-Alexa-Sandstone/193413189371?epid=6029229919&hash=item2d08530efb:g:gIYAAOSwsKRei9XE
Details about  Amazon Echo Dot (2nd Generation) Smart Speaker - Black,$17.50,US,100%,https://www.ebay.com/itm/Amazon-Echo-Dot-2nd-Generation-Smart-Speaker-Black/254568414893?epid=241990937&hash=item3b4575bead:g:rRMAAOSw7tRelJlz
Details about  Amazon Echo Dot (3rd Generation) Smart Speaker with Clock NEW,$48.88,US,Free,https://www.ebay.com/itm/Amazon-Echo-Dot-3rd-Generation-Smart-Speaker-with-Clock-NEW/303534534516?epid=6034528172&hash=item46ac116f74:g:gBwAAOSwv9JeNsnD
Details about  Good Condition Amazon Echo Dot 3rd Gen Smart speaker with Alexa - Black ,$26.95,US,Free,https://www.ebay.com/itm/Good-Condition-Amazon-Echo-Dot-3rd-Gen-Smart-speaker-with-Alexa-Black/184252128136?epid=6029229919&hash=item2ae6485b88:g:NkEAAOSw9ttelM3Y
Details about  BRAND NEW Amazon Echo Dot 3rd Generation w/ Alexa Voice Media Device - Sandstone,$29.99,US,Free,https://www.ebay.com/itm/BRAND-NEW-Amazon-Echo-Dot-3rd-Generation-w-Alexa-Voice-Media-Device-Sandstone/174234721259?hash=item289132dbeb:g:4d4AAOSw6rFegNYr
"Details about  Amazon Echo Dot (2nd Gen) Smart Speaker with Alexa, Black, White, New",$21.99/ea,US,100%,https://www.ebay.com/itm/Amazon-Echo-Dot-2nd-Gen-Smart-Speaker-with-Alexa-Black-White-New/283810141317?var=585235779260&hash=item4214671485:g:zF4AAOSwrgFeaCT4:sc:USPSFirstClass!44224!US!-1
Details about  (3) Empty Boxes Only - Amazon Echo Dot 3rd Generation and Echo Auto - Gray/Black,$9.99,US,Delivery,https://www.ebay.com/itm/3-Empty-Boxes-Only-Amazon-Echo-Dot-3rd-Generation-and-Echo-Auto-Gray-Black/114154262399?hash=item1a941fcf7f:g:oIcAAOSw7hRekGcl
Details about  Amazon Echo Dot (3rd Generation) Smart Speaker - Sandstone Brand New Sealed,$26.98,US,Free,https://www.ebay.com/itm/Amazon-Echo-Dot-3rd-Generation-Smart-Speaker-Sandstone-Brand-New-Sealed/333573821140?epid=26024048451&hash=item4daa8c92d4:g:hv0AAOSw0UNelBOz
Details about  Amazon Echo Dot (2nd Generation) Smart Speaker - Black,$13.50,US,Free,https://www.ebay.com/itm/Amazon-Echo-Dot-2nd-Generation-Smart-Speaker-Black/402218508338?epid=241990937&hash=item5da6176032:g:DwsAAOSwLE5eki30
Details about  Amazon Echo Dot (3rd Generation) Smart Speaker with Alexa Voice Heather,$30.48,US,Limited,https://www.ebay.com/itm/Amazon-Echo-Dot-3rd-Generation-Smart-Speaker-with-Alexa-Voice-Heather/133380701901?epid=12036370588&hash=item1f0e1bfecd:g:u8kAAOSwETxei0aX
Details about  Amazon Echo Dot (3rd Generation) Smart Speaker with Alexa - Heather Gray,$27.99,US,Free,https://www.ebay.com/itm/Amazon-Echo-Dot-3rd-Generation-Smart-Speaker-with-Alexa-Heather-Gray/193420928991?epid=12036370588&hash=item2d08c927df:g:g3cAAOSw~Qtehf8m
Details about  SHIPS TODAY! Amazon Echo Dot 3rd Generation Alexa Voice Smart Speaker,$36.99,US,Free,https://www.ebay.com/itm/SHIPS-TODAY-Amazon-Echo-Dot-3rd-Generation-Alexa-Voice-Smart-Speaker/264697224990?hash=item3da12f1f1e:g:~lMAAOSwkxleinLg
Details about  Amazon Echo Dot (2nd Generation) Smart Assistant - White Brand New Ships Fast,$24.90,US,Free,https://www.ebay.com/itm/Amazon-Echo-Dot-2nd-Generation-Smart-Assistant-White-Brand-New-Ships-Fast/153896890029?epid=230253940&hash=item23d4f82ead:g:d4oAAOSw40ZelKyE
Details about   Amazon Echo Dot Latest 2018 (3rd Generation) Smart speaker Alexa ,$25.00,US,Delivery,https://www.ebay.com/itm/Amazon-Echo-Dot-Latest-2018-3rd-Generation-Smart-speaker-Alexa/114185457393?epid=23033715208&hash=item1a95fbcef1:g:TcIAAOSwGmteh8~b
Details about  Amazon Echo Dot 3rd Generation w/ Alexa Voice Media Device - Charcoal BRAND NEW!,$34.99,US,Free,https://www.ebay.com/itm/Amazon-Echo-Dot-3rd-Generation-w-Alexa-Voice-Media-Device-Charcoal-BRAND-NEW/324134897848?hash=item4b77f208b8:g:0UUAAOSwC7NelLtE
Details about  Amazon B07FZ8S74R Echo Dot 3rd Generation Smart Speaker with Alexa - Charcoal,$14.00,US,Limited,https://www.ebay.com/itm/Amazon-B07FZ8S74R-Echo-Dot-3rd-Generation-Smart-Speaker-with-Alexa-Charcoal/223969668508?epid=8035047628&hash=item3425a1ed9c:g:x0EAAOSw7MNeidqR
Details about  Amazon Echo Dot Plum 3rd Generation Smart Speaker Sealed Brand New,$30.00,US,Free,https://www.ebay.com/itm/Amazon-Echo-Dot-Plum-3rd-Generation-Smart-Speaker-Sealed-Brand-New/353048634860?epid=24034882270&hash=item523356a5ec:g:DysAAOSwr2delL0Q
Details about  AMAZON ECHO DOT (3nd GENERATION) SMART SPEAKER w/Alexa (CHARCOAL) *NEW in BOX!,$30.99,US,32,https://www.ebay.com/itm/AMAZON-ECHO-DOT-3nd-GENERATION-SMART-SPEAKER-w-Alexa-CHARCOAL-NEW-in-BOX/254492079340?epid=23033715208&hash=item3b40e8f4ec:g:12YAAOSwPFBeK7S2
Details about  BRAND NEW Amazon Echo Dot 3rd Generation w/ Alexa Voice Media Device - Sandstone,$23.99,US,30-day,https://www.ebay.com/itm/BRAND-NEW-Amazon-Echo-Dot-3rd-Generation-w-Alexa-Voice-Media-Device-Sandstone/274334166892?hash=item3fdf972f6c:g:jdQAAOSwwU9ekn6Y
Details about  NEW Amazon Echo Dot 3rd Generation Smart Speaker with Alexa Assistant- Charcoal,$35.95,US,100%,https://www.ebay.com/itm/NEW-Amazon-Echo-Dot-3rd-Generation-Smart-Speaker-with-Alexa-Assistant-Charcoal/274007319473?epid=23033715208&_trkparms=ispr%3D1&hash=item3fcc1be3b1:g:-9sAAOSwBwJde9WU&enc=AQAEAAACUBPxNw%2BVj6nta7CKEs3N0qUMu%2FH1RJQTUnCIX5Kg8i1QRxZ%2FyDiMAxW6bOG5BkO0atg6rt9NKBsAsLlGim2m22PvsAG8rBDZ1Efc0v8KgAQwgv%2F4f8Tls%2F%2FI7X2mfUKoZ%2Fppq8t3x%2BdEH4RiZZyfAK6FArxI0v8MTgqtUf4uY9eAnWf%2BzuaFZK%2Fs2LMl7Z1q7zzSLNgHNIX66eqy%2F4A6tyR6B1A5wAVA%2B2j2m7azEF2iabnqpovduU0lMCXIwiU3TxluYTVik7%2B1OUfwa3fzxlymhRjRKeIF9WHcptu3ATYFni7Vzge1NX5khIphbhj3Vr71nA%2BmsaETsGML1%2FPgITQkXsLDRP2h0%2F60qXGbdKw6GK%2F0zLZc0CTOi%2Fp3W%2BxxQzHoqiTCMLvTIiKrFTKgxwtZQIIFmev7Tx3Q%2BnQNyiTXTvVn6Gqi45Zv0UIUn6aDfzo2QtEn3seU2V97kr7btGBqLZ%2BCx%2FgoToFE6JrA4YaUP46Ir6UOLfLJbPOqxhjeesO4B%2BC20kJEHXCthgU2lqg4WnwLRw2juhgTJRl5m2zTbEWVpG7%2FCaoTGfcAv%2Bmia%2FGkrvEOcf7bzo1wDNyPgLl560sC%2F%2BUqqhCJUXvSm%2FOF0xIqagOVaOiGK1qmn%2B1pSeXdPMl%2BEnuD5xGgOkluy9cM2Y4nES2CKkstCWERln2ryKBSb%2FRBLA6IeVMZoHTQPmfB6CmvlJUGiFNUQh2PZKBexJTJWFpvvarhTk1c5KZcltNoxdcBoaM7GdlrqHpt%2FHuzEnBWvvbbq7I6Mrm1hRI%3D&checksum=274007319473602d7f22a4f3414581b72099273f0c74
Details about  Amazon Echo Dot (3rd Generation) Smart Speaker with Alexa,$34.00,US,Free,https://www.ebay.com/itm/Amazon-Echo-Dot-3rd-Generation-Smart-Speaker-with-Alexa/402197818007?epid=13024253490&_trkparms=ispr%3D1&hash=item5da4dbaa97:g:WMoAAOSwM0tehPTA&enc=AQAEAAACUBPxNw%2BVj6nta7CKEs3N0qVtBFVyDaTM2V7b3J98Rliw2PzqToAF0zxf7uUxwFMOxFg5kEhmbL4oWJ4ddquG8Z2qRq0uBlbPllwJuMYTBjTI7GXh1PaBRrpBwTPlIxY1U1yjRgX3CyVFV0zbuRBJYlEelHTcGHQCz84Nb3nxtLRGhx7lbrD%2FKAgR9YY%2Fz78gSBlYyEpjYMISoin4mzgb%2FlKwUPtMfgLCl5eFMBn%2Bbv7B3jZUa4xT2Uu70odiT9HRCFCKduTIUI7C6ftjm0UYfJk53T1%2FTQ7daQsRAokVuewePt67S690fxFOiNsSF9AJCE%2FJnVYSZP6L341GaDdTFk32%2B2jIvfiqd4uimdtGGv8wertkVOkQFV9fYscuc8wIANXBOsHqIrgXCMAZFFejgqesqpTYoKK68XrU5kfcxUlN8mAa5tQ%2FGSC6b1Bt4JfLl3h7zSNEqUliFcsi0q3HJSj%2F%2FsLwPWbt4vD5f8ZwJU6QA91BFxrcOplK3nypSLRHHMS8HfGfsgkl6IBriTJs7uOE%2BFqitzfJTXRO8NPJgdLSTamJvsK%2FZQ53ObtI1ef1cjvZ7MS0a8VSPYllciAeUS%2FazX48VhmYgIt442nQ63qI9k2%2B3A97BjevoUiaklRpLwaR6ZFn5zGkXcwCq1FeSrlOSUxxAB3Ld%2FOxOpVMn%2F4S%2FgVoZt7GwG0pIndc%2FXfDJjCNYnWJQenPun%2FKFCwgWC9ROnZsH7yp30jtOe4nRFIgoLF2yOy7J9owKkn09ooDeWwpYwpVuR6Y%2Fwr9PN0c2Ro%3D&checksum=402197818007602d7f22a4f3414581b72099273f0c74
Details about  BRAND NEW Amazon Echo Dot 3rd Gen Smart speaker with Alexa - Sandstone FREE SHIP,$39.98/ea,US,100%,https://www.ebay.com/itm/BRAND-NEW-Amazon-Echo-Dot-3rd-Gen-Smart-speaker-with-Alexa-Sandstone-FREE-SHIP/313043078936?epid=6029229919&_trkparms=ispr%3D1&hash=item48e2d24f18:g:Y8wAAOSwl7peg6Dv&enc=AQAEAAACUBPxNw%2BVj6nta7CKEs3N0qX6cix%2FHDOjrGb2Zv2sPgZzgLaVzgOdruK1wsslTZJNaDawvxaj9xu6oGmzTP%2F4fK11EldjFcZsYdpLvKNrcPbPANLCkGTkm4lpDqWkJaF%2FsyE7i2dI%2FD6hg81I5Ee%2FxcEQCQt9TSfC2HL%2BRP1dfBFiH3ZGbdD%2BaDYqtG6yo5I3J9oL%2FJ8BNHE%2BQ28sDqPcJe0EE2qg4bG0Vk4N2gQn%2FIS2CQUCSuyYd6IT%2FDs1OTYZrIBV4eddzNDWVvkA6AOm0ytzODBtMfqEUPTYNeVUdj%2FpGT74zePJZa769qnzzkO7e4A8MXwnKQHYbOS38btMnAuQWQWUSH0sHSoCmX3uh%2FrKGKR0vKovyGbXn1oUK%2BdvrQ47q09NkyCfepCWeyp6Clsvf9dpinTwB6wgZ5NzIotQybC8JI9yQYZ%2BDI9wqnZOxsPMlnpYuAa5Xx9fJYlr45qPIyr9%2BMPwk8d5HEJTdMESXyzgwk0CC6%2Fva8meOqbb%2Fa0w4la2M%2FSUr3rkVPYZgmMfoz9JltPaxYbUXU9CZctsFSYGI%2FZ4olIilxIFMm1VaCPZFB2Y%2BD4PC1ya6b%2F6UeL2z0Q8lu5LEjwjXNupyg9nelspp0yDejesvr94EyB7EQ76S2DAKmKWyRzmLmxFdNNAMuO5bGMKYKJmDfM36LYlVjTkqEaC4kfheW%2F77hIJbJ4UymXdrC56S1tGGm64Oxv1Uiambf%2BL4QvnhfYvs8R6nHDiPEFPXHHLcbQWVwxYaagLBH%2Btm3OEGt383eYf0JI%3D&checksum=31304307893653632fc81cf84e4b8794a85abf02a42c
Details about  Amazon Echo Dot 3rd Generation w/ Alexa Voice Media Device - Charcoal BRAND NEW!,$39.95,US,Free,https://www.ebay.com/itm/Amazon-Echo-Dot-3rd-Generation-w-Alexa-Voice-Media-Device-Charcoal-BRAND-NEW/332825107094?epid=23033715208&_trkparms=ispr%3D1&hash=item4d7dec1a96:g:F6YAAOSwRrxc9~J6:sc:USPSFirstClass!44224!US!-1&enc=AQAEAAACUBPxNw%2BVj6nta7CKEs3N0qVacLUFw9lFkCqwa9lYxgX635GqXA8tjxtlSn5S4nGGzdrsdHr9L800RBFQSe2CyxGY7RklzPtsmb6Py0rwpOOgzoDIjxM9RlV6I17EzlgOORTQ0bG7sACyNQeseV0ae5Keh1FZhmmYraIvyzAKjunQ4E6Hrj7Xzyq9bgoIvYOZi490rR7AnFOI4a8nuneSM9Yo45A5wj%2BIzrCuCyEI2hSU7CfeyTEHOn1CfF0oevJNIwQ%2FTp%2Bg7piJ3P4vTUosrJ0JtrrvvTnv9c99sG%2Byj8e1hInnCncHep99xrksp6wXnyojHZoo1O1CbEwVvdIS4bybHyQvSoF4rqIq6NC%2FO3rvOEAKWZl8bKPErXeRvWWirbps3Q6gzTuZrasob34Zq1vfaPPiO2GvYFwGvjXhMSLTzzbNzhVGWfnyvSTJA%2BgdGtUsPs1wM3ihX4kB%2B2iZhuj%2Fqc52dGo3hgAWznpxt4YKKyZx%2FPNXcJ8ho9w%2F49jJmsZU%2BtvH%2BheewmtZ7WfuF6RVK4HB7ccMjpJQScgF7%2BBzpK9nKTqEhDqoAj47KM2A63WPP42laI0fr55gPnj986mW%2FQXwGkeUYO8mbsaowZxwKMl97N7sCbMhtHXOS%2FoUwxQdwtIyB5WWwMGcv5SvWStCtLszp0uJNvacrKuj8SgLs0uy7Pkff%2BowoQwT7ZUBIoPB1kjj6SwplYCbZ40YmPfz8SagxY8oQdYvlhJZ026WZfHzniemGmwonwQ8WNnSLBPJLl%2B4kQXpNMcJd4ifxOs%3D&checksum=33282510709453632fc81cf84e4b8794a85abf02a42c
Details about  Amazon Echo Dot 3rd Generation Smart Speaker with Clock and Alexa - Sandstone ,$49.00,US,Free,https://www.ebay.com/itm/Amazon-Echo-Dot-3rd-Generation-Smart-Speaker-with-Clock-and-Alexa-Sandstone/233386712086?epid=15034911819&_trkparms=ispr%3D1&hash=item3656ee9c16:g:fDoAAOSwr0Rdu8Ad:sc:USPSFirstClass!44224!US!-1&enc=AQAEAAACUBPxNw%2BVj6nta7CKEs3N0qVNC8ecnZuUKY8mK24I%2F7IWHB2pPWMeRKQASaGaSif3e0V0jaco%2FDS2u1g22IcfGdhaH1aIN7hRWaDJE2%2BAqqwfjTYAM4beY1wOvmGs%2BxIV%2BQWJGN1ovY2dEMidovPsvxW%2Fqp47HAmAjB6rPxJKbQoeZaRpAZCwMov9Z1b%2FUzsQ7XPXMVPYNpctOI5Uf2K5M9S2gdyJ3I7kIRRGeYjf3KDhMjmlbHJpzz4Q6kfoOgDOFKbSS4g4qE5ND%2BUFpOu%2FRzrEyLD%2B8edbAi1ByeYa%2F08sdhGrieONZfaRjel2B7ywr9Clxv1PLfkJ%2BmfstvYxVJDDkvFu%2FBO3Zu1KahL4u%2Ba4fHQwSgB6Kau6BjJ6xcsH68APBv9BuZIYSWm55b4UHpmy2%2BWJieVV38mRKzEnSY0b5rZgkItMUQ5AQKLLiu9GFMggs1WjxW9iM4%2BR3LCLGkdwxc%2FKJm9U48ZdREx6PHQh6OmVWTj3x3Svr0nmB%2BAesCEkFDREruYgHUBuHvJRsgJ1cVJke9SUkg462LiMphRq%2FUnrAk9vmCfx%2F6CIs7%2BtEg12GV%2B8egxR%2BbipuRYEGYT4WeW2Lz5wRWx2rXPKAvSrvxW84aF337lvXXZ78HeoU%2FcjKrqdFsTvx6d2LRIb18l9n8VWrfJJIWD39V%2Bam8%2F1uNqXydNOxy8o7OPx6FLRPkS4bpym2a4M8n%2Fr5rCNrYooEbjgtI9GBt%2Flf%2Fthbu63mtIIG7N5nnxqyuuaugHHcL8X4VZkadbNct5Bn7Yqioo%3D&checksum=23338671208653632fc81cf84e4b8794a85abf02a42c
Details about  Amazon Echo Dot 3rd Generation w/ Alexa Voice Media Device - BRAND NEW,$37.95,US,100%,https://www.ebay.com/itm/Amazon-Echo-Dot-3rd-Generation-w-Alexa-Voice-Media-Device-BRAND-NEW/283605173956?epid=26024048451&_trkparms=ispr%3D1&hash=item42082f86c4:g:R1kAAOSwDIxdd9dg&enc=AQAEAAACUBPxNw%2BVj6nta7CKEs3N0qUtkVZNr5AmI6aFAjMZGo5KVVGvhAS9Z7UU92VEtx5Jbn3Ugh8Snete3Ny6ngmOEFt%2B8ocF73bpOtlaIhSU6CAckRh%2FFpDLXPSqDbiHZvzCSL73XTNoKNv3Dv5%2BvUbP%2BrD9jMhyNmY8RQcPgCYb3rzam5NX%2FrWHIXBS6v3todNvFyVytIWS4VGtLbCuTNUZZzeqhtkkwdvYKIw9Un8jQ9FaCAJ6cZ4oUmR3cHQo7imzAzGp9UGgGdoLhrXOzpAG9ttNBb6wcFZNloLHjBx20T7LRrCdj%2FnYDN9fuDJ1OdJqC%2FiXeAhTY6QJ2lLibXUJAKsonC98E7ZQAZaTudpxLWsd5uEb2uxalTvRRvbK8N9s1nY0xt6WFFZnWN87lAhNCNiwL5FrmJu77gW%2B3ynsCEVbWvRoJ9xV2otkghMSIywB6eq1jC2EN4BucM0pm2OuV9YMeIPCvMCNJlNi9zKDiCAm4WbXr6q0wI9yk%2Bo22ZFTvlRg2lJvmBRD88m4z1Eyku%2BwvKoE8w1ejr7JuwEnyVfz9C6DKfpJO9gdoLTRPrNf%2BM59FtKnqD47eXE3VLcFVM5T43%2F%2FaObfbzSdpUEsDGTmhtcBgvzV1MnqqH%2Bd9aGB%2F1Yf%2FqV1KpsQXLR7nqhWBrKxa0CX3dBf6PrTLLz4aREHebCgvHZ5Vrbec2hCIKt%2BtKwSlRygOrdX%2B62a6pvEAhHgl0h7ybLdVZrhVrh0y6U27hCzRo%2FImtoooeoL0pIMZuEnOMeZ%2BUmQW5ZpH9Vqh4M%3D&checksum=28360517395653632fc81cf84e4b8794a85abf02a42c
Details about  Amazon Echo Dot 3rd Generation Smart Speaker Heather Gray New | FREE SHIPPING,$29.95,US,Free,https://www.ebay.com/itm/Amazon-Echo-Dot-3rd-Generation-Smart-Speaker-Heather-Gray-New-FREE-SHIPPING/383495217829?epid=26024048451&_trkparms=ispr%3D1&hash=item594a18a2a5:g:NFQAAOSwswdejd5O&enc=AQAEAAACUBPxNw%2BVj6nta7CKEs3N0qXdkuE7BCNLi%2FtrsAu8tLGkwL777hrhyigfqn8%2F4Vrv7jhA8wa8txRH0AAl2tzK3XdTaCCa0l84Xt6OZzy8o111yNaAsyviOKsTcb16ycsZVESIS96Qgyupb0WqzqkNoZPyg39UHIeDjn13d4Ecy62M0IZJtirKUpBj%2BVLfsp2lbMXJXnv7c4OSrjkSTveQCn48z88N4DtWAGMHQE%2BHUhuaiceQoEld5s2DBSY8l3y0uzrp651mieAtNIa6LkfYeXup0jLVZqtULfPI%2Fk04aTJ%2BXwXWGzHrJ3k5uLxBLwHkSczV3A%2FH%2Bw1TtcREoXgUyfemjtDh4blCa5OD0x2z9tSu%2B9wGe7%2Bz3aTynKnG7u9p47yizbLQyohm8tidRIftykKOFNlmj%2F1n3FTBHO8LxOdiQ9CvgEnYtudMvFTnVOD%2B3bD8o3LkgKOfsXKr43ZT8WN078ZYbSx8Iy2LqXcNaldzEn2dTTpQLKMFnoKxIWJ%2BoQDTl1jmD37KbbgUhoRm0qXTUOxEQ7LXL9a29icCw4lrgkIP0lhnAd9%2BpFNfg1AfbmvdnY56fb8nj24mwBQMPRyc0tCMtzpdrtQPAvp2m%2FZS%2B7Khs3h%2BvLHCmM9cQBQDHJQP5S8%2BA9AsPpnPjwDpFH%2FWq7r1QyNrgsyTgjpGZT8KucdaQ9TZicx7on0BzF21YW%2Fh2G1d4L2RC60nGb%2F8FqNIwcbsfPOb32FORmD%2FC3bO%2Fxf6mGwClgH4zuemWLu7TV0j%2F6bo%2BtWBOdAJALjh0xo%3D&checksum=38349521782953632fc81cf84e4b8794a85abf02a42c
Details about  Amazon Echo Dot (2nd Generation) Smart Speaker - Black,$13.50,US,Limited,https://www.ebay.com/itm/Amazon-Echo-Dot-2nd-Generation-Smart-Speaker-Black/174242931417?epid=241990937&hash=item2891b022d9:g:WWMAAOSwe-Red5aT
Details about  Amazon Echo Dot - 2nd Gen - Home Music Smart Assistant Speaker w/ Alexa - Black,$16.99,US,"1,363",https://www.ebay.com/itm/Amazon-Echo-Dot-2nd-Gen-Home-Music-Smart-Assistant-Speaker-w-Alexa-Black/233407572841?epid=241990937&hash=item36582ceb69:g:pY8AAOSwJPRehnOH
Details about  Amazon Echo Dot 3rd Gen w/ Alexa - Gray/White *BRAND NEW*,$27.45,US,100%,https://www.ebay.com/itm/Amazon-Echo-Dot-3rd-Gen-w-Alexa-Gray-White-BRAND-NEW/153885931367?var=453936434978&hash=item23d450f767:m:mXJPOpELNvfgK275Svg5KCg
Details about  Amazon Echo Dot - 2nd Generation - Smart Speaker - Alexa Enabled - Black,$17.95/ea,US,100%,https://www.ebay.com/itm/Amazon-Echo-Dot-2nd-Generation-Smart-Speaker-Alexa-Enabled-Black/124099341826?epid=241990937&hash=item1ce4e5ae02:g:6j4AAOSwRLxeV~s2
Details about  Amazon Echo Dot 3rd Generation w/ Alexa Voice Media Device  brand new@,$11.95,US,52,https://www.ebay.com/itm/Amazon-Echo-Dot-3rd-Generation-w-Alexa-Voice-Media-Device-brand-new/373019534942?hash=item56d9b2665e:g:wfwAAOSwme5ek8NR
Details about  Amazon Echo Dot (3rd Generation) Smart Speaker with Alexa Voice,$9.50,US,100%,https://www.ebay.com/itm/Amazon-Echo-Dot-3rd-Generation-Smart-Speaker-with-Alexa-Voice/153895051060?hash=item23d4dc1f34:g:IRAAAOSwz8tekj7D
Details about  Brand New Amazon Echo Dot (3rd Generation) Smart Speaker - Sandstone,$26.99,US,Free,https://www.ebay.com/itm/Brand-New-Amazon-Echo-Dot-3rd-Generation-Smart-Speaker-Sandstone/373020216119?hash=item56d9bccb37:g:1usAAOSwFLRehjGx
Details about  Amazon Echo Dot 3rd Generation w/ Alexa Voice Media Device - BRAND NEW,$29.89,US,40,https://www.ebay.com/itm/Amazon-Echo-Dot-3rd-Generation-w-Alexa-Voice-Media-Device-BRAND-NEW/283840411198?epid=26024048451&hash=item421634f63e:g:AswAAOSwDQdejNOO
Details about  Amazon Echo Dot 2nd Gen Home Music Smart Assistant Speaker w/ Alexa - White,$19.99/ea,US,100%,https://www.ebay.com/itm/Amazon-Echo-Dot-2nd-Gen-Home-Music-Smart-Assistant-Speaker-w-Alexa-White/333403485847?epid=230253940&hash=item4da0657697:g:0EoAAOSw0BVeW-lX
Details about  Amazon Echo Dot 3rd Generation w/ Alexa Voice Media Device - BRAND NEW,$33.99/ea,US,100%,https://www.ebay.com/itm/Amazon-Echo-Dot-3rd-Generation-w-Alexa-Voice-Media-Device-BRAND-NEW/264685188150?epid=26024048451&_trkparms=ispr%3D1&hash=item3da0777436:g:mr8AAOSwIGleg5Av&enc=AQAEAAACUBPxNw%2BVj6nta7CKEs3N0qU2pd8tbSiSqP5SzJep%2B%2FW%2BkRPANizEcnJz6aTfHYSjAvkmUx4RnG%2B7zhm%2FxQsmSMfeCvFsXXFe0SScctpWpvwneqoGNCW78QfaQjCrAlGyQWSwz%2BEF3BNdzJP4z%2BiJP2jdZWEnSQJoTfOGfzahXx%2F0neCt%2FV3nWKbzFhhwz8lhEhxs0XqRIotIpM8zRfMGurR%2BgtLxH7rUPA2kATR%2BmLgMn%2FOn3Jxu1DdiMG9UbxehsgO4rv1YAtJ9ocAk9E%2FoSsg5JU45hN2rc5zBeWZdRejitq2%2FG3cv3xJ1m7AUS0pKZY6tUzEGfoEphldMCgsLNjYHHZejyqZaGaRS7G9rrQEhf%2FEAZVEiR5Q1x1dsAWqfUD5EmacTqCLsMDdI%2Fr1T2FDRr1Sv7BeM9q28RUC9ikICBuuV24rJgeVdyMNUhoo62C0EYOa2SUpBqhDSoZwwM9B9yvjGKmL3%2Frl9BvSLZHvPu39z8xYUB%2F5iOBf%2FdOH4chVQlOaG5s7DooPYLekqjjoaYyeAjjvZJt%2FLjMQQWD9Yx5%2B3Z%2FvmpMZlFEp0YDg%2Fi%2FWPVByQrde3NqCdJAexLC8chTU7iOKScKh8CiU0P09liyA0PhzplVUSqzMB4eYHmy%2F2qGmrhNq9i%2FETYvKXT6HL28BDMaTanRRtJdSHLgjsUtU9Z3T3qeHCaZmAv07kh2KahiMwcoyMvuLSVGuABujXwion5oOo5BPfqPLBq8Vhx4ltkr3LMPnzVhpFRvr08%2BNXJJ%2FEy%2FX%2B7NIrFoMCwpc%3D&checksum=26468518815053632fc81cf84e4b8794a85abf02a42c
Details about  Amazon Echo Dot 3rd Generation w/ Alexa Voice Media Device - Charcoal*BRAND NEW*,$45.95/ea,US,100%,https://www.ebay.com/itm/Amazon-Echo-Dot-3rd-Generation-w-Alexa-Voice-Media-Device-Charcoal-BRAND-NEW/183915970090?_trkparms=ispr%3D1&hash=item2ad23efe2a:g:HCwAAOSwLVNdTtxI&enc=AQAEAAACUBPxNw%2BVj6nta7CKEs3N0qXOC1FZsttyq8oiJRVg02E8Jpu%2BnG%2BQQgtpaadfuTmNfZ32lelOWvHW%2FP4XMnATFYDRypSLJgqWfwmtd9Ddsph5Kh%2BIe4cb5xcMlxmxDNfkC%2FfH7CbQ4vmYNrzwTyia%2FzA0U5kt1XsbsjC5C81CIfftkg0mgcC3pPAe8YRMJ8YVI7eZHa3FH0Fo8RhxvzKtWe01DbSExDZ1TpDQhhPToIM3yKZpvWF%2Ff%2Fi5rEG%2F4n2NMVPUFlJHnnWDT%2F1DXFh9JDs4ztMnqL4LhM2WPIThXrEjlBg39gZR5TLXKCJihz8HZLKAw5LrQ5n4%2Bzj4dNYAlxW27LQh2qFdbic0klsG96NH1HFzWjS267MO66xuKk8zrXi9w5EK4JyfNvYMVdXpE9lrYyHkqTbtp5bZc1HCLcEO3KsSLKjEbAibPCxBsUFcGDp6dSFb0A%2B%2FsYxzaxJSkFBBuVmZHx6vVwWsM%2FEqcwmZrqdSt877Ny%2FfIH5sANUYr8fIm%2BTsObKNz8%2BdIZZXZuKG1fH%2F5gErVPOHL9wqv61Xf6psvgdDqmJPiIFvxz2VyJBmcpdqUfJOgwpAhwxZtaN8il8rwPTku1M9zEf7kvKJRT6lPEETNVL1wPhluK3Q%2Bvm4ejvawW%2FQ44typktOL2gZ8ZFiD1SNNpltfJnJOFwbpshu4%2BJBd5uGAQ%2FtCxnaTqWzZed3FYmh0Rejioc6aWaOYdO%2BmFNu7nzFfDdkebobc9kH7KFYzuxfz9gbqLXiUA4EqD82XRsmUyOLoL0RTeI%3D&checksum=18391597009053632fc81cf84e4b8794a85abf02a42c
Details about  Amazon Echo Dot 2nd Generation w/ Alexa Voice Media Device New Factory Sealed,$27.49,US,100%,https://www.ebay.com/itm/Amazon-Echo-Dot-2nd-Generation-w-Alexa-Voice-Media-Device-New-Factory-Sealed/233029448138?epid=241990937&_trkparms=ispr%3D1&hash=item3641a331ca:g:Z6AAAOSwkHFcAzXq&enc=AQAEAAACUBPxNw%2BVj6nta7CKEs3N0qXqALx3%2Bzb3qGOoohSGMhCfnLZR7XxaMEP1M%2FlSvfKV%2FQS43R01YXy71TDW2b%2BrbHbBqp18c1L8KIIpXUmeQz53HXsNpkki5YU0isSCDH1iBsM40rR70EnkZKdVtFd1nMSzp8GOBC0AGPqid03hst62Mk%2BG5UMqjrvgS4On1yLMi3TG8jqnlrwQzK8JoLxRrtVdrzsPp5q%2B39b0DvnZQzXUzXGOV%2FABZaWSoHz0vi%2F%2BN4iWq8e1BLbgOPXfKMgv2D0CgKk0FFY3gMC0bayMT9eZXjSS%2BCuUCn1bELvpjgq1YAUuagA6sGtni5vFh3YvRdQ4RAVAB9eEiWN%2FUrJ6ngxDP3uEwgGU0aDNeR8LjMW6tbg%2Fgkp1jOw4NxM59uOF%2BrULdBPVQlk53Frf5bdA7GXgoYMf1Bi9ZK%2FvvHCWkleoybB5x8EUYEKOIJmqfsBw84MRvez78Ds7HvoihtXrjT9CqP63Ekgfoh4QvZygRZYVUjyVmqVqhmogrTvKoDa%2FjsN1VBb3lHmAn5INJgQlCOJ7DcsxyGsCxIepwo%2FhXClfcgr1H9uUnQLJrxt46LUIovFmdR%2F89mRcy%2BVjf1iDF7XI%2BtrU4KAnCucic62zI2ywjM5VBMYKJRbGDvuBACf03jpuswnxGJdtiwYMMLXB3BEOw2ehsYrOFVtONFUFEGLdwC28gi0OdeNB1fPpvrkk3aSptt7kORro4gbzdb8ZH5KJRXH8CvKsuixhRpAi1G4XAsLC9wqtUbSDQ8NFoSQ%2F7ww%3D&checksum=23302944813853632fc81cf84e4b8794a85abf02a42c
Details about  Amazon Echo Dot 3rd Generation w/ Alexa Voice Media Device - Sandston BRAND NEW!,$32.99,US,100%,https://www.ebay.com/itm/Amazon-Echo-Dot-3rd-Generation-w-Alexa-Voice-Media-Device-Sandston-BRAND-NEW/264685184169?_trkparms=ispr%3D1&hash=item3da07764a9:g:fHkAAOSwHIleg49O&enc=AQAEAAACUBPxNw%2BVj6nta7CKEs3N0qW9kKq2tJtpmQmT9nCdDE2fH%2FFOm%2FbWFEqQ2WgzrknL7%2FkcedOZR%2FGF0U3RDLuBNC7k0WWuKhJHtM%2BOMv6rs0d4cUuESVBDOWapYp3tonkImpmuytI8kR%2BsJtbw9MSKBhfXh9lw8bBn2GssCG4OJftD9%2Bbts7lrDxB6ImbCvTgY%2Fr4KmqWf%2FuuEYcHr069yOfS8Zhg%2FJDvwj70iRWiYbA5nqC4tDIq3AwJyPNkO%2Ftj4cSn%2BCKnm3Spr7DQbafPrXJmzvsN2m0OZVFWAAITpl3VmuFrWgPsqHFGwHRBvlHh%2Fl4JzfSdkj8%2BPbiCzSIft%2FEeQeu9FvRWl%2B1hYrVCmAafZf7WVYOSVhpfm65fDB8cnOVX1ZTt5WBaZ6M7AexROsMI4jFPq3eOD8AHUyAQEYcZ%2Bd%2BOJegCSsDoOmrtJnk7Fc9Rfyac6OhVQ%2FG8yDV5MESLlJpUxRRlGxLDrwBYKwNbGR2nyvgh4LRPwMrlRqQgvTfTEesIeUJpMJ1kUHRyrRh27eB%2B2rZPX9UalCYCtu3KcYOPydPp0wV%2BufSNTS25qsZZCybmnral7FpTPQyJdIzKXXIegSeXG609ziJSTtn0crqLanzAINjmD39lhtJAYbMyMb0FDGRRFW2lN0rA7%2B%2B8TTtMqXQhTKITFYrpPX5%2Fn71jcb2Xo09zjRzx%2BEGrcGxCAksMy%2BaJkJx19gKY5c3VO8RKk2O7EL5inn%2FRA280ceK0Ftc%2FukMz4S9lsE5eI0%2B13dA8RrQ7Vfognm1YKRa8%3D&checksum=26468518416953632fc81cf84e4b8794a85abf02a42c
Details about  Amazon Echo Dot (2nd Generation) Smart Speaker - Black,$6.50,US,Limited,https://www.ebay.com/itm/Amazon-Echo-Dot-2nd-Generation-Smart-Speaker-Black/313047800601?hash=item48e31a5b19:g:~-kAAOSwxxJecAHc
Details about  Amazon Echo Dot 3rd Generation Smart Speaker Sandstone White Brand New Sealed,$29.99,US,Free,https://www.ebay.com/itm/Amazon-Echo-Dot-3rd-Generation-Smart-Speaker-Sandstone-White-Brand-New-Sealed/223965624991?hash=item3425643a9f:g:zyoAAOSwhtNehrwR
Details about  Amazon Echo Dot - 2nd Gen - Home Music Smart Assistant Speaker w/ Alexa - Black,$16.99/ea,US,100%,https://www.ebay.com/itm/Amazon-Echo-Dot-2nd-Gen-Home-Music-Smart-Assistant-Speaker-w-Alexa-Black/223948750177?epid=241990937&hash=item342462bd61:g:4rwAAOSwVqpeb--1
Details about  Amazon Echo Dot 2nd Generation w/ Alexa Voice Media Device: black or white,$19.80/ea,US,100%,https://www.ebay.com/itm/Amazon-Echo-Dot-2nd-Generation-w-Alexa-Voice-Media-Device-black-or-white/143429176734?var=442374625307&hash=item21650b8d9e:g:cG8AAOSwpBddvF~F
Details about  Amazon Echo Dot 3rd Generation w/ Alexa Voice Media Device - Charcoal (in ü§öüèª),$29.99,US,Last,https://www.ebay.com/itm/Amazon-Echo-Dot-3rd-Generation-w-Alexa-Voice-Media-Device-Charcoal-in/202963993509?epid=23033715208&hash=item2f4198c3a5:g:TysAAOSw9jdek8x-
Details about  Brand New Amazon Echo Dot (3rd Generation) Smart Speaker - Heather Gray,$22.50,US,,https://www.ebay.com/itm/Brand-New-Amazon-Echo-Dot-3rd-Generation-Smart-Speaker-Heather-Gray/114178727244?epid=26024048451&hash=item1a95951d4c:g:Ev4AAOSwJrdejoLQ
Details about  Amazon Echo Dot  3RD Gen  Sandstone Charcoal Gray Plum NEW SEALED,$34.99/ea,US,Free,https://www.ebay.com/itm/Amazon-Echo-Dot-3RD-Gen-Sandstone-Charcoal-Gray-Plum-NEW-SEALED/323530944065?var=513045919255&epid=8035047628&hash=item4b53f26e41:m:mw5kmy56E3MFDOQ7MMJFy_w
Details about  Amazon Echo Dot 3rd Generation  - Heather Gray,$24.00,US,Ships,https://www.ebay.com/itm/Amazon-Echo-Dot-3rd-Generation-Heather-Gray/223976557062?epid=13024253490&hash=item34260b0a06:g:zb4AAOSwbJhelM4g
Details about  Amazon - Echo Dot (2nd generation) - Smart Speaker with Alexa - Black,$17.99,US,100%,https://www.ebay.com/itm/Amazon-Echo-Dot-2nd-generation-Smart-Speaker-with-Alexa-Black/192716993058?epid=241990937&hash=item2cded3f222:g:MO4AAOSw94dc-Wjv
Details about  Amazon Echo Dot (2nd Generation) Smart Assistant - White,$15.20,US,Ships,https://www.ebay.com/itm/Amazon-Echo-Dot-2nd-Generation-Smart-Assistant-White/133386308699?epid=230253940&hash=item1f0e718c5b:g:WnEAAOSwtKVaaHYq
Details about  New Amazon Echo Dot 3rd Generation w/ Alexa Voice - Heather Gray - Free Ship,$30.00,US,Free,https://www.ebay.com/itm/New-Amazon-Echo-Dot-3rd-Generation-w-Alexa-Voice-Heather-Gray-Free-Ship/254566942116?epid=13024253490&hash=item3b455f45a4:g:dcgAAOSwnfVekl~g
Details about  Amazon Echo Dot 2nd Generation,$19.95,US,Free,https://www.ebay.com/itm/Amazon-Echo-Dot-2nd-Generation/313053398911?epid=13027364339&hash=item48e36fc77f:g:8q8AAOSwUi5elJaA
Details about  Amazon Echo Dot 3rd Generation with Alexa Voice Media Device - Charcoal,$26.00,US,Longtime,https://www.ebay.com/itm/Amazon-Echo-Dot-3rd-Generation-with-Alexa-Voice-Media-Device-Charcoal/184249174222?epid=23033715208&hash=item2ae61b48ce:g:b74AAOSwiMtekeMR
Details about  Amazon Echo Dot 3rd Generation w/ Alexa Voice Media Device Sandstone BRAND NEW!,$25.99/ea,US,Ships,https://www.ebay.com/itm/Amazon-Echo-Dot-3rd-Generation-w-Alexa-Voice-Media-Device-Sandstone-BRAND-NEW/283844578313?hash=item4216748c09:g:0REAAOSwA9xeh1rS
Details about  Amazon Echo Dot (2nd Generation) Smart Assistant - White,$20.00,US,Free,https://www.ebay.com/itm/Amazon-Echo-Dot-2nd-Generation-Smart-Assistant-White/264698837705?epid=230253940&hash=item3da147bac9:g:zfAAAOSw6LZelJva
Details about  Amazon Echo Dot 3rd Generation  - Heather Gray,$27.99,US,Free,https://www.ebay.com/itm/Amazon-Echo-Dot-3rd-Generation-Heather-Gray/124151587843?epid=13024253490&hash=item1ce802e403:g:hMcAAOSw4kNeilcC
Details about  Amazon - Echo Dot (3rd Gen) - Smart Speaker with Alexa - Sandstone White,$25.00,US,Ships,https://www.ebay.com/itm/Amazon-Echo-Dot-3rd-Gen-Smart-Speaker-with-Alexa-Sandstone-White/164159921760?hash=item2638b19e60:g:iCoAAOSwNOxej2Nj
Details about  amazon echo dot kids edition,$10.51,US,100%,https://www.ebay.com/itm/amazon-echo-dot-kids-edition/324132093933?hash=item4b77c73fed:g:WMEAAOSwF7xekOEo
Details about  Amazon Echo Dot (3rd Gen) -Smart Speaker with Alexa- Heather Gray FREE SHIPPING,$32.00,US,100%,https://www.ebay.com/itm/Amazon-Echo-Dot-3rd-Gen-Smart-Speaker-with-Alexa-Heather-Gray-FREE-SHIPPING/153889769047?epid=26024048451&hash=item23d48b8657:g:TXwAAOSwnAJeh518
Details about  Amazon Echo Dot Smart Speaker - Sandstone,$29.99,US,Ships,https://www.ebay.com/itm/Amazon-Echo-Dot-Smart-Speaker-Sandstone/392747361078?epid=15034911819&hash=item5b71912336:g:PZkAAOSwEYRePBHO
"Details about  New Amazon Echo Dot 3rd Generation with Alexa, Ship ASAP, Grey",$29.99,US,Limited,https://www.ebay.com/itm/New-Amazon-Echo-Dot-3rd-Generation-with-Alexa-Ship-ASAP-Grey/274325196601?_trkparms=ispr%3D1&hash=item3fdf0e4f39:g:NYYAAOSwKWVehTTb&enc=AQAEAAACUBPxNw%2BVj6nta7CKEs3N0qWanoi5CfIMKNKzgMn35WCzg8TIlnp8VgoOmBtv8wJWd%2BChou3JVMUNfzRUI%2F1QGh2Y%2FZ3RCq7vKJcsZWF6AWboAhv6DEHymkSvGaRWswJDyZQeWCSPpS1LZd%2FMTGr04lB9rJPUOSl1lKCfSUUttIWNboNSoEGQBKzVtkTlJdZQItFt%2BKLycQQK2j7HGzYxfbNXA8Ma2OJvIHozOSdUZ3eg79aP%2BEsobn2Nz5qc9aZB7T3duhMy428WrKdhOXBFKeIBnnnIYKsAVNI3jLLEwTnQ%2FQrBAVpIpLfH7mKisWUInWGx%2B%2FeX974ybdDGFb3oYyTQ923AHIyms%2F4iQuJu7kxSC%2FWmkgvwYYl4pRa3u4UYqt7es1AJVJbmBMxmqK2Cee5gnS%2BO11C%2BP%2FMI8MIwEocevs%2FIfTZQOzXB11BMZ59GZdKwxi%2BO29pGpyOvQzO32jMc3L%2BEYg%2FqP3S8lnx3fQf%2BuaViB7%2FVzngc5Zzpkim4LHDPWV1CnnI9PqrEMom97inCa7DhVoWY13r0BXhjWBZwoRcLQ9sB%2FZgY4uMvK7LEN209fZ%2F4C7puuVAgF%2FN8gOYDGMG%2BiHT9%2B8rfC%2FNtbBP5xVLAdQ6sWpSG47cJCgUNhHKMXLWMoSEaVN2WtQpvGySSjOyJjBkfzAYqzivj8DFBtZUjgF5sAnGhD%2BeA8Of%2BdQuldLLNgX8K1hsKTO3X17L2j97s7zoNDdNw%2FwM5z8QtWo1rfBKksAUTi3CbHwk64f2i8%2F4m5ireZ%2FVfht92F0U%3D&checksum=27432519660153632fc81cf84e4b8794a85abf02a42c
Details about  Amazon Echo Dot 3rd Gen - Smart speaker with Alexa - Heather Grey BRAND NEW,$39.98/ea,US,100%,https://www.ebay.com/itm/Amazon-Echo-Dot-3rd-Gen-Smart-speaker-with-Alexa-Heather-Grey-BRAND-NEW/313043068875?epid=26024048451&_trkparms=ispr%3D1&hash=item48e2d227cb:g:8HUAAOSwtzZeg53O&enc=AQAEAAACUBPxNw%2BVj6nta7CKEs3N0qUv2wKJmYqjpWCGRaij6DFgdTz7B95ipz3eJ0iGXpQqsX5K5HPp9RB%2BwS2bJhc7biT0jj4ZoMl3t9osim4EyDmznrGzxVIPSB%2Fw%2BMrF0VHc51vCEHc0%2BR9yq63BxIa5g1qVxPIwr3QskHorYAQO5wuf1wxgghrmTfYz%2BJhHPyNF04s56V9oz%2Fi8AmwO7mATj1dxzy3%2B2D%2BkNKfW4L9PfUjxNa%2BZBqbSRvT5yYnbATm5hh%2B4GXz1%2B6%2BVs4PMSXAo1QsWZkszEQ%2FY9XBN713CaDoxOWGp0dlVNuhXzcOiz%2BMsSqISel9%2BOWMQVflXPvbzX%2F0lAg9Xk1GJurW95jtKkDbdLHlfMjB5WkmNnVKK0waNQRnPwQdCS1xJ3o1AlLgn2gq%2BvBtAMppTvk%2FPU1SsdR5nHa0XLrWIYUH9onvCz0uWyubs%2B0UYi1sWQf3DA3i56q5P%2BOb4Yzz7xjbHg9ICqpjD7F6CLlXoDzrIW8u3VB8Ed16%2BbADK5Uwfo%2FhV%2Ftfewt7zuIhQjFEIx%2FbIGzL3ONs4USUrAdd3qvuU%2BYGfF73ZX8Kb6DdL%2Fc3KH1KLd1K430Xe%2FdUnc3BnjwViRLTiUz0ciOE2R5zBxBlAzdJPh%2B8Zu0g2pA5tqdwU6qReiUefQHUVqwTJp2sFsnlffdTmFVt1up6kr42y25lAVTszGnaYVu%2BQUD%2F4MhmhEyjj%2BVe2LhfC8oDXA2RIqlhXUQUvWm20GucRvkDN5ym6kOAl1ZSyolpkP%2BWVGIWpR9KdU7CAbAA%3D&checksum=31304306887553632fc81cf84e4b8794a85abf02a42c
Details about  Amazon Echo Dot 3rd Gen - Heather Gray NEW In Box,$29.99,US,100%,https://www.ebay.com/itm/Amazon-Echo-Dot-3rd-Gen-Heather-Gray-NEW-In-Box/392748205221?epid=13024253490&hash=item5b719e04a5:g:BegAAOSwOmtehlbh
Details about  Amazon Echo Dot (3rd Generation) Smart Speaker with Clock - Sandstone,$43.00,US,Free,https://www.ebay.com/itm/Amazon-Echo-Dot-3rd-Generation-Smart-Speaker-with-Clock-Sandstone/174248044519?epid=6034528172&hash=item2891fe27e7:g:gBwAAOSwv9JeNsnD
Details about  Amazon Echo Dot 3rd Generation Smart Speaker ,$34.99,US,Free,https://www.ebay.com/itm/Amazon-Echo-Dot-3rd-Generation-Smart-Speaker/164159937284?epid=8035047628&hash=item2638b1db04:g:J84AAOSwO5BelKvu
Details about  Amazon Echo Dot (2nd Generation) Smart Speaker - Black,$17.50,US,100%,https://www.ebay.com/itm/Amazon-Echo-Dot-2nd-Generation-Smart-Speaker-Black/254568414893?epid=241990937&hash=item3b4575bead:g:rRMAAOSw7tRelJlz
Details about  Amazon Echo Dot (3rd generation) Smart Speaker with Alexa  (Sandstone),$33.99,US,Free,https://www.ebay.com/itm/Amazon-Echo-Dot-3rd-generation-Smart-Speaker-with-Alexa-Sandstone/193413189371?epid=6029229919&hash=item2d08530efb:g:gIYAAOSwsKRei9XE
Details about  Amazon Echo Dot (3rd Generation) Smart Speaker with Clock NEW,$48.88,US,Free,https://www.ebay.com/itm/Amazon-Echo-Dot-3rd-Generation-Smart-Speaker-with-Clock-NEW/303534534516?epid=6034528172&hash=item46ac116f74:g:gBwAAOSwv9JeNsnD
Details about  Good Condition Amazon Echo Dot 3rd Gen Smart speaker with Alexa - Black ,$26.95,US,Free,https://www.ebay.com/itm/Good-Condition-Amazon-Echo-Dot-3rd-Gen-Smart-speaker-with-Alexa-Black/184252128136?epid=6029229919&hash=item2ae6485b88:g:NkEAAOSw9ttelM3Y
Details about  BRAND NEW Amazon Echo Dot 3rd Generation w/ Alexa Voice Media Device - Sandstone,$29.99,US,Free,https://www.ebay.com/itm/BRAND-NEW-Amazon-Echo-Dot-3rd-Generation-w-Alexa-Voice-Media-Device-Sandstone/174234721259?hash=item289132dbeb:g:4d4AAOSw6rFegNYr
"Details about  Amazon Echo Dot (2nd Gen) Smart Speaker with Alexa, Black, White, New",$21.99/ea,US,100%,https://www.ebay.com/itm/Amazon-Echo-Dot-2nd-Gen-Smart-Speaker-with-Alexa-Black-White-New/283810141317?var=585235779260&hash=item4214671485:g:zF4AAOSwrgFeaCT4:sc:USPSFirstClass!44224!US!-1
Details about  (3) Empty Boxes Only - Amazon Echo Dot 3rd Generation and Echo Auto - Gray/Black,$9.99,US,Delivery,https://www.ebay.com/itm/3-Empty-Boxes-Only-Amazon-Echo-Dot-3rd-Generation-and-Echo-Auto-Gray-Black/114154262399?hash=item1a941fcf7f:g:oIcAAOSw7hRekGcl
Details about  Amazon Echo Dot (3rd Generation) Smart Speaker - Sandstone Brand New Sealed,$26.98,US,Free,https://www.ebay.com/itm/Amazon-Echo-Dot-3rd-Generation-Smart-Speaker-Sandstone-Brand-New-Sealed/333573821140?epid=26024048451&hash=item4daa8c92d4:g:hv0AAOSw0UNelBOz
Details about  Amazon echo dot 3rd generation NEW,$5.99,US,100%,https://www.ebay.com/itm/Amazon-echo-dot-3rd-generation-NEW/362965091356?hash=item548267c41c:g:kJoAAOSwKNpejMnn
Details about  Amazon Echo Dot (3rd Generation) Smart Speaker with Alexa Voice Heather,$30.48,US,Limited,https://www.ebay.com/itm/Amazon-Echo-Dot-3rd-Generation-Smart-Speaker-with-Alexa-Voice-Heather/133380701901?epid=12036370588&hash=item1f0e1bfecd:g:u8kAAOSwETxei0aX
Details about  Amazon Echo Dot (3rd Generation) Smart Speaker with Alexa - Heather Gray,$27.99,US,Free,https://www.ebay.com/itm/Amazon-Echo-Dot-3rd-Generation-Smart-Speaker-with-Alexa-Heather-Gray/193420928991?epid=12036370588&hash=item2d08c927df:g:g3cAAOSw~Qtehf8m
Details about  SHIPS TODAY! Amazon Echo Dot 3rd Generation Alexa Voice Smart Speaker,$36.99,US,Free,https://www.ebay.com/itm/SHIPS-TODAY-Amazon-Echo-Dot-3rd-Generation-Alexa-Voice-Smart-Speaker/264697224990?hash=item3da12f1f1e:g:~lMAAOSwkxleinLg
Details about  Amazon Echo Dot (2nd Generation) Smart Assistant - White Brand New Ships Fast,$24.90,US,Free,https://www.ebay.com/itm/Amazon-Echo-Dot-2nd-Generation-Smart-Assistant-White-Brand-New-Ships-Fast/153896890029?epid=230253940&hash=item23d4f82ead:g:d4oAAOSw40ZelKyE
Details about   Amazon Echo Dot Latest 2018 (3rd Generation) Smart speaker Alexa ,$25.00,US,Delivery,https://www.ebay.com/itm/Amazon-Echo-Dot-Latest-2018-3rd-Generation-Smart-speaker-Alexa/114185457393?epid=23033715208&hash=item1a95fbcef1:g:TcIAAOSwGmteh8~b
Details about  Amazon Echo Dot (2nd Generation) Smart Speaker - Black,$13.50,US,Free,https://www.ebay.com/itm/Amazon-Echo-Dot-2nd-Generation-Smart-Speaker-Black/402218508338?epid=241990937&hash=item5da6176032:g:DwsAAOSwLE5eki30
Details about  Amazon Echo Dot 3rd Generation w/ Alexa Voice Media Device - Charcoal BRAND NEW!,$34.99,US,Free,https://www.ebay.com/itm/Amazon-Echo-Dot-3rd-Generation-w-Alexa-Voice-Media-Device-Charcoal-BRAND-NEW/324134897848?hash=item4b77f208b8:g:0UUAAOSwC7NelLtE
Details about  Amazon Echo Dot Plum 3rd Generation Smart Speaker Sealed Brand New,$30.00,US,Free,https://www.ebay.com/itm/Amazon-Echo-Dot-Plum-3rd-Generation-Smart-Speaker-Sealed-Brand-New/353048634860?epid=24034882270&hash=item523356a5ec:g:DysAAOSwr2delL0Q
Details about  AMAZON ECHO DOT (3nd GENERATION) SMART SPEAKER w/Alexa (CHARCOAL) *NEW in BOX!,$30.99,US,32,https://www.ebay.com/itm/AMAZON-ECHO-DOT-3nd-GENERATION-SMART-SPEAKER-w-Alexa-CHARCOAL-NEW-in-BOX/254492079340?epid=23033715208&hash=item3b40e8f4ec:g:12YAAOSwPFBeK7S2
Details about  NEW Amazon Echo Dot 3rd Generation Smart Speaker with Alexa Assistant- Charcoal,$35.95,US,100%,https://www.ebay.com/itm/NEW-Amazon-Echo-Dot-3rd-Generation-Smart-Speaker-with-Alexa-Assistant-Charcoal/274007319473?epid=23033715208&_trkparms=ispr%3D1&hash=item3fcc1be3b1:g:-9sAAOSwBwJde9WU&enc=AQAEAAACUBPxNw%2BVj6nta7CKEs3N0qUMu%2FH1RJQTUnCIX5Kg8i1QRxZ%2FyDiMAxW6bOG5BkO0atg6rt9NKBsAsLlGim2m22PvsAG8rBDZ1Efc0v8KgAQwgv%2F4f8Tls%2F%2FI7X2mfUKoZ%2Fppq8t3x%2BdEH4RiZZyfAK6FArxI0v8MTgqtUf4uY9eAnWf%2BzuaFZK%2Fs2LMl7Z1q7zzSLNgHNIX66eqy%2F4A6tyR6B1A5wAVA%2B2j2m7azEF2iabnqpovduU0lMCXIwiU3TxluYTVik7%2B1OUfwa3fzxlymhRjRKeIF9WHcptu3ATYFdrU4RGsKKGy08XJ1I%2Bj9cPSmn%2B3uVFgkysKn44QOjeOWapEm4dsPAMBNMH58nZ2HxGRINoQKWf6yc%2F2QLOY7wbbjzUUiIM0%2FUz1akOi%2B7Swact3QBkeSe97ICTRsQt5XhiHPyp9GcQeLz2tVD5kaFmHpjxhxWsqPxBzHLRLgQfg172i5BRbzGhY0hDuEhqxEMGRdwPRyURiOHA%2FA82%2B%2BjD2qxo6VKtGpw%2BpQlKdkYljxq%2BdHLDYRdMM%2FpoekJyvnFDHPCDFH%2BWiFOkjs14dqraLbbtQA8U76aMGzclQ0yH3IzXIs4niQfmcZyRjzaZjJ%2BilO0G4pqhRJjgqxZ2YZurjR%2Bj8nUNdylS9hWh2x7c%2Bb82LfLMlQ1m2X5%2B9cbeh8wdr%2BkPpJm3zCbAaIyN00i56OfG%2F8LA7%2BHjFLxhrsvd4TMrCxjSJix0PUqqtygC8QYp7vCevIQbOjYg%2BwgVbNtAYrEUcPyZRV64Hg0ZLrryg%3D&checksum=27400731947353632fc81cf84e4b8794a85abf02a42c
Details about  Amazon Echo Dot (3rd Generation) Smart Speaker with Alexa,$34.00,US,Free,https://www.ebay.com/itm/Amazon-Echo-Dot-3rd-Generation-Smart-Speaker-with-Alexa/402197818007?epid=13024253490&_trkparms=ispr%3D1&hash=item5da4dbaa97:g:WMoAAOSwM0tehPTA&enc=AQAEAAACUBPxNw%2BVj6nta7CKEs3N0qVtBFVyDaTM2V7b3J98Rliw2PzqToAF0zxf7uUxwFMOxFg5kEhmbL4oWJ4ddquG8Z2qRq0uBlbPllwJuMYTBjTI7GXh1PaBRrpBwTPlIxY1U1yjRgX3CyVFV0zbuRBJYlEelHTcGHQCz84Nb3nxtLRGhx7lbrD%2FKAgR9YY%2Fz78gSBlYyEpjYMISoin4mzgb%2FlKwUPtMfgLCl5eFMBn%2Bbv7B3jZUa4xT2Uu70odiT9HRCFCKduTIUI7C6ftjm0UYfJk53T1%2FTQ7daQsRAokVuewefBPLXeea5Ib2pv0DOz2nkfUsKSD9ZM8HywoL2vlXiEP%2FGfPJiO64t7Fk5Ul5RR4%2F0jijtzOaP5LPlY%2BOpnRK4EkQkC9TKcd6dbwsW%2BZ28g4VkiVicAv1K%2Fo4zRFdTCnIF8QhrVDgrh%2FU8N2CKHXhYX7KCmqYqivUG49rdEIWbpX4mJjUgQpLJcQ6tAbkXf5JF%2B6UC8QYtefJ2mQ%2BKFiCOBjWB%2FUjwhsCCWNAe9yk1w83YxEA6VWq1i%2B20BuEiXKBcWUzt3OCkEFcfsuJb%2BBskeJRdwfsSr1IgbfFkDgPJLA4n0CXIeDvYq86x1SQwE9AiDypjbwWazFSTZAtc6u79Xr6vbmxQ8xJ8PFL25woZFth928jios3pj1pkhfkqUknYo9FZW4mjLb4lKDaWWr4nG5kIUt7e2vWq2wMyXnjjbpjd3rHhwJAA1dXKu9i9mSCiDDW7L%2BMBqRq%2BPKgHL7ovZlDkxzS2ZoZJoj8MQPIJS4%3D&checksum=40219781800753632fc81cf84e4b8794a85abf02a42c
