Details about   Amazon Echo Dot 3rd Generation w/ Alexa Voice Media Device - Charcoal BRAND NEW!,$39.95,US,Free,https://www.ebay.com/itm/Amazon-Echo-Dot-3rd-Generation-w-Alexa-Voice-Media-Device-Charcoal-BRAND-NEW/332825107094?epid=23033715208&_trkparms=ispr%3D1&hash=item4d7dec1a96:g:F6YAAOSwRrxc9~J6:sc:USPSFirstClass!44224!US!-1&enc=AQAEAAACcIQvEcHUrT7nmUC3yY5qbPyaBN1nJEDYW8MyypsJPgXKjzb4uel3XQiGEzY4CITgmtgdZD0wMiMCu%2FDBNfpJ1RFSDelPK%2FCTC6HkL%2BB%2FqrpfKmRPFSymnAZKP5bD6rVFZEdrigm3BSYomt%2B%2F6avfhmrmHboykWLjPE8G7fSAJLdJ5%2FMz0WB8g8xt739Sr6hhC09RJeVqixsGA1KVRpfG74MYL425nwH9q2aRavKWDXAd67lRvJcdA13E60zpikHlheizhaioh7dwJN0%2BcM3j7MHEPE1%2BdKv2UZKNSnxxGf00IPsN6mtOpjBMiPgjlGqXIvj365tv%2F9GwHcd2MFtJY9URHnPnPLyGlbQFpB7bf3cGlZzA5bDJ3tIiVO3tYngwZovpf3VApYLk2lT1aDkC6lVJH8q4wmiLR8JO6D%2FHbKXsIhmYIZZXoNob9h5ECor3QU7j3Wf8afHBu7B%2Bd7ao1tS4eVsj%2Bk6v5aIWbjZjZ0w4P4jKrYGPW%2F9soc34cLzrrNbCcDG63TodlFPIfKDu5a0ygUg%2BOee0ZsWWG%2FPKTtJfwjb7pi7CnLk1vxiIf3HjH5BFAsC9%2BM7Qnvp1bi8ViOLHl7ePO0Y7ik%2FflM1L3xVQg5mXMdYGEdYGVdCqL0A7JZ%2FN0kGDTBT6UrnPCLYgwvHosVTdivz%2Brvew0yQ5h1qgs8ugpY9oyG9tDGQyY9VB3EI7xGBxlQ2fjGF2SjgYrHwvzgoQ1%2FHnnPATJOfp%2BiB0564Sjjis3EYjyz7ax%2BYQW3xt74LEtAuXm19Mr%2FMdDGAY2CoZYRDWAfzBm4f6poYnYCdpY6WyDET2Xfl70ZTYkg%3D%3D&checksum=332825107094819623e6814f41d794f79c3d670d8e5f
Details about   Amazon Echo Dot 3rd Generation Smart Speaker with Clock and Alexa - Sandstone ,$49.00,US,Free,https://www.ebay.com/itm/Amazon-Echo-Dot-3rd-Generation-Smart-Speaker-with-Clock-and-Alexa-Sandstone/233386712086?epid=15034911819&_trkparms=ispr%3D1&hash=item3656ee9c16:g:fDoAAOSwr0Rdu8Ad:sc:USPSFirstClass!44224!US!-1&enc=AQAEAAACYIQvEcHUrT7nmUC3yY5qbPyaBN1nJEDYW8MyypsJPgXKprB7XQ6kzQrRwmk40BQLKIneiuJSzkUHvzJlwx5EijkCo0otRhw%2BRlkrbbjSvz6%2BtVtDE%2Br%2Bw703bxQAB3O%2BfCqZzwbhTNk17Qp3xJ%2BmwiV642Ipz7JtSokQ%2FGezkECzd96%2FfwJGt1POX0qoj3RHf%2Bc7n7%2FoRuwiHovJaaXKqlYxF%2BZSB3Tw99lUeXVgEk9lGJkqopbpjJC0heecEWSJkcBZWsT3OB73IrUShz1wZlGIYucplCVfeucQ7gogyccza8dWD8L4M1RNtBMJdwJXk1e2cJzi1YggT7dgt8PtYLrDONrphBN54jtz%2FIdLF6jcKg51qpyf0L9ARUKcbfUBIwdLqlIpihrvMJlyfqaJK7I36B87pyh0SuhYv%2F9d6wmLGwILlr54AqJs4EWzXEs1lmAcEnE3EHPVUF2y2OWdohEFZHZEb%2B43WmMSqPPaESdhUNg60GRWtGa2wp0OEHgFW47nCxSPIDn9cmeaDMSAKeOpxR281GTcCxibv5n3Fm403qw47vRJhiGoIkEnVuzrOiTQl16dYu4thYnYHPic5aA0Rrd2vWaam4dsxO7tymbveCB7hln96FDrdQmCuXCKDVgLfMglaZJcAWUrMuQqL1L706SHMfbNAFlvFKAbaPsOHEL8J3f0c0rYoZkWHN6zHvkjuda3PWuDQHYjIw87byKAnsdPk%2Fnn8YDOo6FMs3aandgcLg4hei0og20da2ruPLi2NyJUFW7rUo0%2Fi%2FDgyKiVwn1APHbkj8KT%2BsIg9Fmh&checksum=233386712086819623e6814f41d794f79c3d670d8e5f
Details about   Amazon Echo Dot 3rd Generation w/ Alexa Voice Media Device - BRAND NEW,$37.95,US,100%,https://www.ebay.com/itm/Amazon-Echo-Dot-3rd-Generation-w-Alexa-Voice-Media-Device-BRAND-NEW/283605173956?epid=26024048451&_trkparms=ispr%3D1&hash=item42082f86c4:g:R1kAAOSwDIxdd9dg&enc=AQAEAAACcIQvEcHUrT7nmUC3yY5qbPyaBN1nJEDYW8MyypsJPgXKVlA44ZLASBNW4fVOteB5X5RftvzlsBNVBannnXDXjPRpxIhNYUfjL0ZA35P%2BoqDPnPnwpOui3gpxZ92wsgqUiGhr6p9ocSrluWUXIU41aKb%2BauBwLuVGhNo5BgNekfiEtrdIap2YIUUS2kRu755kS0oAHcZ2AKQky%2BwH74z7hIr%2Bu5gEWmUDkUL%2BdKTnZCPDNBJxmDtIxZLc8fd5NBL6UfufRYrMl9ikuyM6tK%2BMDbzU7O2JRhlX17CB3P7VkZaULHqX8sgOY6G63pp43rjs2Fqf%2FtMMLkxGV6dC8Ugxq1%2BENmgErWbBbMNps29BVFwRqogxpwj41eaghzhu86wzovcnBy0Lj%2FZlDcRyTpS9ttEVGxuDqMJen%2F6RfyKcTOWpPJslxcPRLrB1xfTcXJQQKt71eYmWZn9ZxfOUaelFjGebeZbtjzFGkVSlFVjX%2Ff%2F%2FcWO%2FlzSTG6tB7bShxtfdBk78VSZhstFVCkq7fdBuy5ViPSgFPgEbLbNZ54Coa5I3HAvKSjXJAxj4OI8G2dushmOE4DnGRA2wMraGXblKFi31ZqlOy358aJXdn4FgappkhUXcKERqEuviAxM1FujRR%2FuBf%2FwP2WjsyzU7IGURAMnH7zDsfG6zSdI6tEczfLrXHoMGQiBRWDQosM6X3156i25TRQijY8FUF%2BVDz11oLQ2wENFV2qpwS4Dkr9CCfqLgRMZ1IbsurvjVdO6GpyCZSOLU0xBOgmiC28qN1KEzobMqhgfF9tpnqmdwHu1JDu55J%2FK5IHYhj5OCAle4p4Qn4Q%3D%3D&checksum=283605173956819623e6814f41d794f79c3d670d8e5f
Details about   Amazon Echo Dot 3rd Generation w/ Alexa Voice Media Device - BRAND NEW,$34.95,US,100%,https://www.ebay.com/itm/Amazon-Echo-Dot-3rd-Generation-w-Alexa-Voice-Media-Device-BRAND-NEW/283840411198?epid=26024048451&_trkparms=ispr%3D1&hash=item421634f63e:g:AswAAOSwDQdejNOO&enc=AQAEAAACcIQvEcHUrT7nmUC3yY5qbPyaBN1nJEDYW8MyypsJPgXKVlA44ZLASBNW4fVOteB5XxQhV83uVmFX4gXclpdPQd4IloXpGae%2F0aF4EqmIFAa%2BI3YgdE2XTmtqNxxntQvog2prPu8jM7mNHiGQVhMrw2f9tr%2BZnr2XsWZGmUX9x9toA9tXhbidypz0sewPgypj2kk2w%2FAdn5%2BQjTaYJmeeNKxpGa9Rp6mu0hAdZNnRpSqV7fBY%2B%2F580U1C2CrYSjW7FezgnGo5RaGlWcNq0fDr%2F4K5bhkmgNqZd28CdhAAd0IP9i3XlyLuJQkxDwWQnbzKDPTh6EQ6YB5rg2QMHv4AevI7FcfT1ryUXjA27iLXbFHGitLVXKDPP1DaWTvenRgNs5AzsA6Xi3TCR8%2Bcyt61lqBpttrxq%2FZTXWNGpJEqULgwC0BlYs8YbFdhg5AUth37md3sq9fkJOcGadMX0k3xmKjBTCV6AD1CFyNIu6rzmhkSjV6UAw%2BVitYVMxtiq3Kyfv8TQcaqu7x0gKNPuTafv%2FHTYa3w%2BU9nx7B9LtNU59T%2BHv%2BJsd%2Ft%2Ff5YDEGAyG30pHVIOS5dOujUm6B4CJVnT9nps4tgMaDeAghZNUcn5wyH7WbyksGLpF%2FgIUP5dnthDnWKVPE%2F9sbR0yDkH0lfmRprRLg6I%2FjiKFs4sVo9MdCBXAAZNwZigFmya%2BJLE1QjlOjuP03r2VZv3cDZxaFlmOsM5ykPBYU1lIlhRRnCwqwsb5SiYRlIRyHCHjMJl%2F4cT6RilAxyEwBh8XYvRrVF2W6rpibaGHvZ1S4ICBSg3h3n9E17MUKzmZgEhBbQMEqePw%3D%3D&checksum=283840411198819623e6814f41d794f79c3d670d8e5f
Details about   Amazon Echo Dot 2nd Generation Alexa Smart Assistant Enabled Bluetooth Speaker,$17.99,US,100%,https://www.ebay.com/itm/Amazon-Echo-Dot-2nd-Generation-Alexa-Smart-Assistant-Enabled-Bluetooth-Speaker/352858842971?epid=241990937&var=622126200088&_trkparms=ispr%3D1&hash=item522806a75b:g:rssAAOSwTbRd0v2g&enc=AQAEAAACcIQvEcHUrT7nmUC3yY5qbPyaBN1nJEDYW8MyypsJPgXKVSUO5rLpLbvuHeymugu80m5m0zC569bbidECfsgup%2BNJjuGzjTRXfBR5TNH9zoGkbSq6HnoTVDsMIWk4lHdPAX4O%2BachBppD2WWsikNmFttHCwVIqr7NHa89S%2F1XziTApBpjt5MWHsU1o6yZI%2F%2F2HB6UAkO%2BNXThnL7OEg5XldxPnQBO8wngdpiK%2BqM3leJwqv5vikcHhxvidlXDd%2FElXza2%2FdY%2BQlVTr3orS6m30M5IgZwA20PVpJbLud5rjHhg3h4XclCc8Y43a9yaBogqTGA%2BrexDuE3g6faPyLH0YdcKdyXpM%2Bbxwdfey20%2B7amS4%2FMyIINHI39DtO%2F2TuEUE%2Bz%2B1Mp2cUVxxfrIqyZd%2FTbxhs3nyk0UPYpwT%2FeA8rkrr93633pvq9WDssUHRURzMw39FyaG3blg7ew260z2DHx0sywQzR6LZaybg9pAbqB5ykouNssiv6Vq7QxotJQtNdJvJvl7kqhi%2FpF2v4ei%2FO2caF7hhvENeN7S07QoCj%2BhjeGtuv45Rydm0NrIbGQ3c1sJb4Z6AUzRFm4ethVDZPoMcUTmIwXkPaue%2BiW%2FoQh%2BYfAYtur4m8UD1769QM%2BNdL%2FGjqy3Oy3ap2DzZU4YfFGTbx5q%2FnAPelH%2F39YSLOj9%2F1yScVpq25LSWffTt%2BvN9%2FbfZHZaoBeCRagPWZ9ljZNvGdobvaWBIdjdSOWHn9bhdqu3f84vA3r6sT1RnB5o0RikagbS8tOIjHje2uV9zCuTIpkoEw%2Fk35y0YpTORSqVNf3zBpyTwvg7L%2FsCy9ikkQ%3D%3D&checksum=352858842971819623e6814f41d794f79c3d670d8e5f
Details about   Amazon Echo Dot (3rd Generation) Smart Speaker with Alexa - BLACK,$5.00,US,Ships,https://www.ebay.com/itm/Amazon-Echo-Dot-3rd-Generation-Smart-Speaker-with-Alexa-BLACK/313055100138?epid=6029229919&hash=item48e389bcea:g:hk8AAOSwjMtelyyy
Details about   Amazon Echo Dot - 2nd Gen - Home Music Smart Assistant Speaker w/ Alexa - Black,$16.99,US,Free,https://www.ebay.com/itm/Amazon-Echo-Dot-2nd-Gen-Home-Music-Smart-Assistant-Speaker-w-Alexa-Black/233407572841?epid=241990937&hash=item36582ceb69:g:pY8AAOSwJPRehnOH:sc:USPSFirstClass!44224!US!-1
Details about   Amazon Echo Dot (3rd Generation) Smart Speaker with Alexa Voice,$34.95,US,100%,https://www.ebay.com/itm/Amazon-Echo-Dot-3rd-Generation-Smart-Speaker-with-Alexa-Voice/362848357973?var=631989473252&epid=23033715208&hash=item547b728e55:m:mrefw5TXJIPUra_BWTbWNEA
Details about   Amazon Echo Dot 3rd Generation  - Heather Gray,$27.99,US,Limited,https://www.ebay.com/itm/Amazon-Echo-Dot-3rd-Generation-Heather-Gray/362969884235?hash=item5482b0e64b:g:odIAAOSw409elTiT
Details about   Amazon Echo Dot - 2nd Generation - Smart Speaker - Alexa Enabled - Black,$17.95/ea,US,100%,https://www.ebay.com/itm/Amazon-Echo-Dot-2nd-Generation-Smart-Speaker-Alexa-Enabled-Black/124099341826?epid=241990937&hash=item1ce4e5ae02:g:6j4AAOSwRLxeV~s2
Details about   Amazon Echo Dot 3rd Gen w/ Alexa - Gray/White *BRAND NEW*,$27.45,US,56,https://www.ebay.com/itm/Amazon-Echo-Dot-3rd-Gen-w-Alexa-Gray-White-BRAND-NEW/153885931367?var=453936434978&hash=item23d450f767:m:mXJPOpELNvfgK275Svg5KCg
Details about   Amazon Echo Dot 3rd Generation,$15.50,US,Limited,https://www.ebay.com/itm/Amazon-Echo-Dot-3rd-Generation/164154422858?hash=item26385db64a:g:Bo4AAOSweLZejhxD
Details about   Amazon Echo Dot (3rd Generation) Smart Speaker with Clock - Sandstone,$37.99,US,Free,https://www.ebay.com/itm/Amazon-Echo-Dot-3rd-Generation-Smart-Speaker-with-Clock-Sandstone/133386997573?epid=6034528172&hash=item1f0e7c0f45:g:gBwAAOSwv9JeNsnD
Details about   NEW! Echo Dot (3rd Gen) - Smart speaker with clock and Alexa - Sandstone,$37.50,US,Free,https://www.ebay.com/itm/NEW-Echo-Dot-3rd-Gen-Smart-speaker-with-clock-and-Alexa-Sandstone/164161697053?epid=2299477927&hash=item2638ccb51d:g:ThsAAOSw0P5ejgi6
Details about   Amazon Echo Dot 3rd Generation w/ Alexa Voice Media Device - Sandston BRAND NEW!,$32.99,US,100%,https://www.ebay.com/itm/Amazon-Echo-Dot-3rd-Generation-w-Alexa-Voice-Media-Device-Sandston-BRAND-NEW/264685184169?_trkparms=ispr%3D1&hash=item3da07764a9:g:fHkAAOSwHIleg49O&enc=AQAEAAACcIQvEcHUrT7nmUC3yY5qbPyaBN1nJEDYW8MyypsJPgXKbpGVenk0QxwqJ7mBcQFMDyuW4TVxNa%2BiHrBsS90Y8s2iU7GLccifX9amrBOLs86XDpYo9SOD%2BpzT1WxiUmoa%2FQR%2BkJ3omPVE3awQSiiYBHtM5ZuDk%2BCHZObp1LPV7YSnvLRJ%2BNEIl8LAPm3i2azJFdqNB2Tjkf6GZzxIDyCbIcUBJCLdm9GpN5aibXrGQo4v4nmBZQ5EuBUpSFI71IxJPENZUu8yj6mT1g%2BKILLOlJVvvNLWze2kusQ9sBODqe7zPcGEKp9AOn7R9JNwLBQS%2FMOPLYt6OXDJJ3gZWla%2BqtzdiXc4dbLCTDXdF%2BjUk%2BKr6xavztFWO0N5X5YoARJFEPIo3%2F1j9tBiXRnweAFemoP1zSV2ZuDUBYTiyR5GN71fx0e1AvNmxnQWAwkojl7qcehi1qCxEW46Yh9K2zniZUEXBEE3PqsaEMWhrjyy6O9VBu2MmsXzWgm2qh%2BGwxjJVm2shJLinbeb3cJM7xmyuCcdoiZE993GpmPhgOZybcAN0m1D%2FtKjpR2EgVdOan49y9WsjfP4ZL78KkNVcufgyJ%2BkJSuMdO5tCxmiKY1gPND0BXMlH05Syi%2BT3nGtKaMXkdAucLcX778gF0%2FgtXu%2F90PDeq7etNLg%2F7BwPJNdhBiyzY%2Fa59s03xL6eV0VuHy3k%2BbU3dJQwOP0RNAFNuqxGD2B46Gjeqap2rCq9QJwnfYDQ%2F053V1M%2FVRAJou4wQRaiDgHBNXItBj9JMfwOW%2B%2B%2Bk0W2nM9rqVSbwiraLLDNHfZ6qv9xpllHR26PvjIachE0w%3D%3D&checksum=264685184169819623e6814f41d794f79c3d670d8e5f
Details about   Amazon Echo Dot 2nd Gen Home Music Smart Assistant Speaker w/ Alexa - White,$19.99,US,100%,https://www.ebay.com/itm/Amazon-Echo-Dot-2nd-Gen-Home-Music-Smart-Assistant-Speaker-w-Alexa-White/333403485847?epid=230253940&_trkparms=ispr%3D1&hash=item4da0657697:g:0EoAAOSw0BVeW-lX:sc:USPSFirstClass!44224!US!-1&enc=AQAEAAACcIQvEcHUrT7nmUC3yY5qbPyaBN1nJEDYW8MyypsJPgXKjzb4uel3XQiGEzY4CITgmm6iQ9IlC7dmOuPhpyjLggenswjLDQPPRfn9exZFCKt6xzz8AcFSoiofveZsTB6Ce0t7tr4ib%2FBpOjaH65nmPcqnJbHR3YMi%2Bt2zw0syVY6HKmEDy5hbeUvIdBtidkIP%2Bu3VGZ%2B7zILwy2wX8bTdH1xl0qo2Qz00u9FRRevuodKkuPWGeE6CmQ0Bgrhi%2Bojr7yCr64NGetCUWyFm%2BX3G2a9%2FP5DcjElIO8YAzX%2BRKEr6EYNeNmKzTzK0Sf8Tumurq5YdpIPYjxbvHZVGPRWfmqNon55fe%2BQwr84vJh1FRFBUqq2YXxUPgi8pwilNDeD4oI5MQKfXWFcT%2BRAbmukX5TVMutR3kkTlrV7LNEy%2BrcjS7kpCh%2FIcPUOjRcr8WYyzCnymrwQecSvEV7bdPfllwl4aL80L%2BBI%2BBeFjwHuQqeei6XPZVujq32z45N87Dq1Y33GVY0DRkSEw%2FNdOp%2FWGa1WBuLUGlOHtDZP7VPeSZZFVuxgTH415Dj9CLYD4ItADO%2Ft2gDoohaYd9Bdtpk5SlR4jU6dTEO9PvLiVlLPFSAGvdlsqwgL980TWqXcqN3wvu1ldDLSdBvDWV0RCfQfLgdwRF4N37JSM9hsTxIZp9JXKu4lm6%2BR2rVbGNzcFo68JGEfGjMPHr%2FWNUWcmhzLdT9t2fkXI0kC%2B%2F%2BqReBRvJ7g%2B9jwi06SU5g7ga7T66O3wiDdGOiFlVMTsE5V1X7xdK2aTcxwX64PsQJ49swXd1C2Cof0S9NEooMUwK9IB7oLxyA%3D%3D&checksum=333403485847819623e6814f41d794f79c3d670d8e5f
Details about   Amazon Echo Dot 3rd Generation Smart Speaker with Clock and Alexa - Sandstone,$34.95,US,Free,https://www.ebay.com/itm/Amazon-Echo-Dot-3rd-Generation-Smart-Speaker-with-Clock-and-Alexa-Sandstone/283839890779?epid=6034528172&_trkparms=ispr%3D1&hash=item42162d055b:g:AsoAAOSwkTVehUnr&enc=AQAEAAACcIQvEcHUrT7nmUC3yY5qbPyaBN1nJEDYW8MyypsJPgXKVlA44ZLASBNW4fVOteB5X5%2FGxLLbPkbOGKTG%2Fh5cCutyFtxHPjPhpFOQBo15HLTAZVSnkjtd8aZeVsuttascosvky4VgjA1KlQkYz50Cq8OIz0LLKQ%2FdNrO0EJ%2Fv6ljpXI20GnJ%2BiRpndjtDLrRKUuyCWx1fLDuUVtAdx65exWxWUZP5VnYTTeQCrVeqcH2v7fNk2yAf3cmFqDTyTv%2FzegqRNDoV0DhpL%2F3aoscAvTARaYx4Ygz3v3usLWKB1V3%2BCDX15LENGBxJgtGcsXyKSPrfblOa1hjPC8nOVDUsTzg7jATeegx4y%2BLUu4hWO7xMJce2JfdzY2EITeW%2FKoPtxkFaDK1%2BlHlnSaf2ZJuS9NhjTp9IX6JBwIxx3vO065WP4gi%2F6Bt152VM5OMAKLFSxZyLEsFlBhrQukNQsOteOiL%2B2wRXZZhD7ygrM6rz270dAHtmTO7uVlceUwNjUDoFjR51%2FB99CbcNfApcb91o8I05sHCT1TNK3Jw0P1Vsxg9JbN46R9%2F1h4F9Rwz58%2FqrYZuEd5oX%2B4XefJdGk9ClONvBbG%2FLJ9ZBC1dqkzPqK1HlpGMwDtBA6nqKpGRYEFDY0S6HCj5rU7S7OmcjMLDedJ%2FBFkZTAyWjMNHa1mRVm7tzXt%2FtaBdCqfL70wRvrKX2NIAMiKVqalfKNvMyqZD0eh8rZEUPiytgqvU7z2KztiUTJFYYxLoMnHQQXFFzEoQireYwav7A0H42N9JR2V0GyF7tcbcVDNYvpF1lzDT2uqTizzm1YI92PYYhsFZz%2FN7e%2Fw%3D%3D&checksum=283839890779819623e6814f41d794f79c3d670d8e5f
Details about   Amazon Echo Dot (3rd generation) Smart Speaker with Alexa  (Sandstone),$35.99,US,Free,https://www.ebay.com/itm/Amazon-Echo-Dot-3rd-generation-Smart-Speaker-with-Alexa-Sandstone/193413189371?_trkparms=ispr%3D1&hash=item2d08530efb:g:gIYAAOSwsKRei9XE&enc=AQAEAAACcIQvEcHUrT7nmUC3yY5qbPyaBN1nJEDYW8MyypsJPgXK4PLYVaIgu9w9Os2XtDHJeixRy1Cqqtm8xvbMIU%2Fep%2B1ekHopc75TmKKwhBccb3Po9OxEwuixmvKN6f8WStF3TTPF0eSKfXoTcs9YiPJiL3le7925BRIWCTXBm1n%2B%2BiePzvE2ZXxGxSPjuIiZuqvTqW6eAU9NUiVBGLvSzZcNOTcOD%2FcridK66vQHSunyUhA2N8h4ud8U3oe8QmMYpykGfQU6uGYsjZkxzWK0gqZzesIVSdaJaU81eyuGAWdKnLB8GF0NyRBebOocc90IYqCqNKjeX7xoNJ6al%2BFchcz%2FejvBl0%2FimIX7xDoMzHQs29ZDx9Re3BmfyLcB%2BG1sCZEjoXGVnog3DshN3ejXEFHT8J0tNO8hN51uOZ9Ii4i7gakbItWHJm%2F%2Bju9EuhsiYCEovpkcOXwXnHYvrpfqbsHB8WoLg5jhcV0WPH2G80nptOljJR2hSvjehuj720MMC7l3M2wZGpqwmXspXLU28NhXiJP%2B0JWx9f59L0TpLqYkQxVtVdabYVLIb7xG9FtHZq0przX8P%2BGAq8%2FZbESzBjF1m2ovKuo90uMUf8qAZudt3jsPuZ701D3Vkiyp7%2Bb3wTKbVWxzWkKSC1qBxJqtsrPs8ajzdvfPBTSCHtS%2BGfHKPmdO5SggmODVwhlKYCrS92y2fp6SJyzaTbtbZhoofo9sHSaCKTfOdCAm%2BbNBj1rnznv8943utm9PWPVAN3mM2B%2F42b8EUotmiwdPi4uKHnM2SijyvZrPIuEY4N88Mi1tZ83KH%2FdIzCnPZdr1jffUrn3TYw%3D%3D&checksum=193413189371819623e6814f41d794f79c3d670d8e5f
"Details about   Amazon Echo Dot 3rd Generation, NIB, Charcoal",$15.50,US,Limited,https://www.ebay.com/itm/Amazon-Echo-Dot-3rd-Generation-NIB-Charcoal/293540365717?hash=item44585e8595:g:jFQAAOSwlztejjWv
Details about   Amazon Echo Dot  3RD Gen  Sandstone Charcoal Gray Plum NEW SEALED,$34.99/ea,US,Free,https://www.ebay.com/itm/Amazon-Echo-Dot-3RD-Gen-Sandstone-Charcoal-Gray-Plum-NEW-SEALED/323530944065?var=513045919255&epid=8035047628&hash=item4b53f26e41:m:mw5kmy56E3MFDOQ7MMJFy_w:sc:USPSPriority!44224!US!-1
Details about   Amazon Echo Dot  3RD Gen Smart speaker with Alexa | Sandstone Charcoal Gray Plum,$38.99/ea,US,100%,https://www.ebay.com/itm/Amazon-Echo-Dot-3RD-Gen-Smart-speaker-with-Alexa-Sandstone-Charcoal-Gray-Plum/143501165714?var=442462469629&epid=8035047628&hash=item2169560492:g:R7kAAOSwYOxeHUG~:sc:USPSPriorityMailPaddedFlatRateEnvelope!44224!US!-1
Details about   Amazon Echo Dot (2nd Generation) Smart Assistant - White,$16.50,US,100%,https://www.ebay.com/itm/Amazon-Echo-Dot-2nd-Generation-Smart-Assistant-White/143580534771?epid=230253940&hash=item216e1117f3:g:L0oAAOSweVZelfpY
Details about   Amazon Echo Dot 3rd Generation Smart Speaker Heather Gray New | FREE SHIPPING,$30.00,US,Free,https://www.ebay.com/itm/Amazon-Echo-Dot-3rd-Generation-Smart-Speaker-Heather-Gray-New-FREE-SHIPPING/174251887856?epid=26024048451&hash=item289238ccf0:g:gAQAAOSwyvJelSCM
Details about   NEW Amazon Echo Dot 3rd Generation w/ Alexa Voice Smart Speaker PLUM,$32.99,US,Free,https://www.ebay.com/itm/NEW-Amazon-Echo-Dot-3rd-Generation-w-Alexa-Voice-Smart-Speaker-PLUM/293547972309?epid=26024048451&hash=item4458d296d5:g:73sAAOSwnTBel0Gw
Details about   Amazon Echo Dot (3rd Generation) Smart Speaker - Heather Gray,$30.00,US,Ships,https://www.ebay.com/itm/Amazon-Echo-Dot-3rd-Generation-Smart-Speaker-Heather-Gray/303541406987?epid=20034527194&hash=item46ac7a4d0b:g:pfYAAOSwl05el0Mt
Details about   Amazon Echo Dot 3rd Generation w/ Alexa Voice Media Device - Charcoal BRAND NEW!,$24.99,US,Ships,https://www.ebay.com/itm/Amazon-Echo-Dot-3rd-Generation-w-Alexa-Voice-Media-Device-Charcoal-BRAND-NEW/254570173879?hash=item3b459095b7:g:bygAAOSw4tBel0FV
Details about   Amazon Echo Dot 2nd Generation w/ Alexa Voice Media Device: black or white,$19.80/ea,US,Free,https://www.ebay.com/itm/Amazon-Echo-Dot-2nd-Generation-w-Alexa-Voice-Media-Device-black-or-white/143429176734?var=442374625307&hash=item21650b8d9e:g:cG8AAOSwpBddvF~F
Details about   Brand New Amazon Echo Dot (3rd Generation) Smart Speaker - Sandstone,$30.00,US,Free,https://www.ebay.com/itm/Brand-New-Amazon-Echo-Dot-3rd-Generation-Smart-Speaker-Sandstone/373022128488?hash=item56d9d9f968:g:1usAAOSwFLRehjGx
Details about   Amazon Echo Dot (3rd Generation) Smart Speaker with Alexa - Free shipping!!,$21.50,US,Longtime,https://www.ebay.com/itm/Amazon-Echo-Dot-3rd-Generation-Smart-Speaker-with-Alexa-Free-shipping/313053437938?epid=23033715208&hash=item48e3705ff2:g:Gh0AAOSwXaZelKwx
Details about   Amazon Echo Dot 3rd Generation w/ Alexa Voice Media Device Sandstone BRAND NEW!,$25.99/ea,US,More,https://www.ebay.com/itm/Amazon-Echo-Dot-3rd-Generation-w-Alexa-Voice-Media-Device-Sandstone-BRAND-NEW/283844578313?hash=item4216748c09:g:0REAAOSwA9xeh1rS
Details about   Amazon Echo Dot (3rd Gen) Smart Speaker with Alexa - Gray ,$29.69,US,Free,https://www.ebay.com/itm/Amazon-Echo-Dot-3rd-Gen-Smart-Speaker-with-Alexa-Gray/124153917732?hash=item1ce8267124:g:q-AAAOSwEbBeC7~g
Details about   Amazon Echo Dot - 2nd Gen - Home Music Smart Assistant Speaker w/ Alexa - Black,$18.95/ea,US,100%,https://www.ebay.com/itm/Amazon-Echo-Dot-2nd-Gen-Home-Music-Smart-Assistant-Speaker-w-Alexa-Black/223948750177?epid=241990937&hash=item342462bd61:g:4rwAAOSwVqpeb--1
Details about   Brand New Amazon Echo Dot (3rd Generation) Smart Speaker - Sandstone,$27.99,US,Limited,https://www.ebay.com/itm/Brand-New-Amazon-Echo-Dot-3rd-Generation-Smart-Speaker-Sandstone/362969883027?hash=item5482b0e193:g:mEUAAOSwc1BelTfp
Details about   Amazon Echo Dot 2nd Generation w/ Alexa Voice Media Device New Factory Sealed,$27.49,US,100%,https://www.ebay.com/itm/Amazon-Echo-Dot-2nd-Generation-w-Alexa-Voice-Media-Device-New-Factory-Sealed/233029448138?epid=241990937&hash=item3641a331ca:g:Z6AAAOSwkHFcAzXq
Details about   Amazon Echo Dot (3rd Gen) -Smart Speaker with Alexa- Heather Gray FREE SHIPPING,$30.00,US,100%,https://www.ebay.com/itm/Amazon-Echo-Dot-3rd-Gen-Smart-Speaker-with-Alexa-Heather-Gray-FREE-SHIPPING/153889769047?epid=26024048451&hash=item23d48b8657:g:TXwAAOSwnAJeh518
Details about   Amazon Echo Dot 3rd Gen - D9N29T - Great!,$11.48,US,Ships,https://www.ebay.com/itm/Amazon-Echo-Dot-3rd-Gen-D9N29T-Great/124153978972?epid=26024048451&hash=item1ce827605c:g:fT0AAOSwbkleljm1
Details about   Amazon Echo Dot 3rd Generation w/ Alexa Voice Media Device - Charcoal*BRAND NEW*,$45.95/ea,US,100%,https://www.ebay.com/itm/Amazon-Echo-Dot-3rd-Generation-w-Alexa-Voice-Media-Device-Charcoal-BRAND-NEW/183915970090?hash=item2ad23efe2a:g:HCwAAOSwLVNdTtxI
Details about   New Amazon Echo Dot 3rd Generation w/ Alexa Voice - Heather Gray - Free Ship,$30.00,US,Free,https://www.ebay.com/itm/New-Amazon-Echo-Dot-3rd-Generation-w-Alexa-Voice-Heather-Gray-Free-Ship/254566942116?epid=13024253490&hash=item3b455f45a4:g:dcgAAOSwnfVekl~g:sc:USPSFirstClass!44224!US!-1
Details about   Amazon Echo Dot 3rd Gen - Smart speaker with Alexa - Heather Grey BRAND NEW,$39.98/ea,US,100%,https://www.ebay.com/itm/Amazon-Echo-Dot-3rd-Gen-Smart-speaker-with-Alexa-Heather-Grey-BRAND-NEW/313043068875?epid=26024048451&_trkparms=ispr%3D1&hash=item48e2d227cb:g:8HUAAOSwtzZeg53O&enc=AQAEAAACcIQvEcHUrT7nmUC3yY5qbPyaBN1nJEDYW8MyypsJPgXK9t7xxMj3q%2B%2B%2Bz%2BPuf4iZrQPEXGQTR7CX2SMLykcVqbqE9W40PlY9E0KV8djXzWnhb94SGksIUIZxfRupdoySyxDRioWWsTLOdLq4BlytogS2VZYoz2uIEcZq2GaPeB4vTTzjQi9JGHhWf70%2BsKLOmjluERbva1pHKYRiHHaF%2FCpzysrovxlSBVX0NmyFsfgA60XylOQ4jNmDJQiMKrLUWRoAyAvgOkcMXFv7cjrGrnKTSXje9vINVrg4NwW0ws8yVllHkpo4JSas5xMZ0ur9suq3TwiE3BIFRS2WQN0WkBHCnwTxWY4Htexm7zl1EDh%2B06OzTS9IkvCx6463qU4aHpr%2FP56aV8CxLwIYMs34ggN9m%2B1u252OrLSs9ywTTB21OaIanLb4C6%2B%2FjcwpIoc5h4Uq9Dl%2FAwNF%2Bt7JuFg0xKFCRSHOGaIiL08eILbrU9pzeWuax%2FmqnHsC%2B%2Bpvkqqu6ExKaQTXO3tynReJf%2BsfYJe2I6JEPg6iE8EoWJsi2MvrrFrMTVwjBvU5Qkk1Nf0QbXACmZBn4BEPOzBPAbi%2FuAKgFkJ5VjqG1HmdpUf9W565CeQo1VN01YbVKF%2FY5kr2EbO%2BcomyKfLDwyZ3nbNf3V7HflwuAxu2J5QRLfDJ0OSyoLUSH8hx86rW4aJozQRtVBgbbSDbJjI0GgfrGvpfE%2BP6CAAN0pkq7lwctwK1cMQ7lndWOwD1eOC9YZAbC2wLyicl3bsnTe%2B6VsALvoj0l79UwYli5CFY%2BzXMj5Kvm7CN6wI0sc%2BU6Z929KMv7cLvIg%3D%3D&checksum=313043068875819623e6814f41d794f79c3d670d8e5f
Details about   Echo Dot Amazon  2nd Gen - Home Music Smart Assistant Speaker w/ Alexa - Black,$22.90,US,Free,https://www.ebay.com/itm/Echo-Dot-Amazon-2nd-Gen-Home-Music-Smart-Assistant-Speaker-w-Alexa-Black/164162247478?epid=241990937&_trkparms=ispr%3D1&hash=item2638d51b36:g:nnEAAOSw0yJelzbm&enc=AQAEAAACcIQvEcHUrT7nmUC3yY5qbPyaBN1nJEDYW8MyypsJPgXKym2Jdff8P6pcVkPslsrmD%2Bp5i2qo9xLljQwtE5mohCkgKOwE1EHbEW28%2Ft5CTHzp6OGh5LIqlF9lnTrOSxindn0hg6wKTdQRWgDUjnanO7p%2FFVt1JmIAJegGtdI3wL7OJS8P6EpOQrMFWlbWcxj9ZtGpiPl%2FSEdE67z%2B8lyWmJwF8aECNXxHUituzVnbTTwqk2SXNKkKonpt3D%2BoW7dmYFI1DRPVYNbIPEyX4XSV5eRoInigJZ5Y0T2IEIb3wO%2BMtmghLEHpLP0FZkflP%2BOwVZaUdSgqJrMOlaslyk%2FmAfiShurfYgvWfWal9t6BKIHHoytw8yWpBm0YuPq6t4i3cDBywqTr3s%2Fvk0UN1nQ4iHznAmnYcTzrZwgf99GEswGXGu5dP0pLhwWYQyK%2FTEsPIZRaVE6EkajfTxLpnU%2F6rZKC4bOQT%2BH0jPcCaMIMuD4Ev8PGH%2BpEKVysep0AwMnltWcoj%2Bbg7J480hU1oYEOQunT64bJnqXmkuLqR5lu0mW8fmE8GzeAsX8DrK3he3czqsL8qE4M%2BFX%2BHut06jbln93E3uBK%2BaxnQ3q4ULdpJpoD9lKdLyPqpZJaEqmfG6WzGgTfMTuIwmtIuC6JwGJ%2BNBCsblhxF0AKI7u%2FolfbtMxoR4ejSlitO6FJxPovAolUkEqO6EL%2BFiel5VGKkk1Lv73qGjQFeTGZkKgGBEmSrlMpdp3aMMyrny5fKaRiKkW3mZpxbEWc%2F0iA9cnrw7kbtf207fwOBtlzHAv5l4BDk9GZ9KQ%2BLwXgN1s4VdsuZLpHVw%3D%3D&checksum=164162247478819623e6814f41d794f79c3d670d8e5f
Details about   Amazon Echo Dot 3rd Generation  - Heather Gray/ Sandstone White. FREE SHIPPING,$30.00,US,Free,https://www.ebay.com/itm/Amazon-Echo-Dot-3rd-Generation-Heather-Gray-Sandstone-White-FREE-SHIPPING/124152983936?epid=13024253490&hash=item1ce8183180:g:wSIAAOSwlwRejVqc
Details about   Amazon Echo Dot (3rd Generation) Smart Speaker with Alexa - Black,$23.00,US,Ships,https://www.ebay.com/itm/Amazon-Echo-Dot-3rd-Generation-Smart-Speaker-with-Alexa-Black/283848719059?epid=6029229919&hash=item4216b3bad3:g:CckAAOSwwyFel0Pv
Details about   Amazon Echo Dot (3rd generation) Smart Speaker with Alexa  (Heather Gray),$18.99,US,Delivery,https://www.ebay.com/itm/Amazon-Echo-Dot-3rd-generation-Smart-Speaker-with-Alexa-Heather-Gray/193413184783?epid=0&hash=item2d0852fd0f:g:1gcAAOSwxrJei9F5
Details about   Amazon Echo Dot (3rd Generation) Smart Speaker with Alexa Voice,$8.80,US,Ships,https://www.ebay.com/itm/Amazon-Echo-Dot-3rd-Generation-Smart-Speaker-with-Alexa-Voice/153895053581?hash=item23d4dc290d:g:CoUAAOSwXsBekj9n
Details about   Amazon Echo Dot Smart Speaker - Sandstone,$29.99,US,Limited,https://www.ebay.com/itm/Amazon-Echo-Dot-Smart-Speaker-Sandstone/392747361078?epid=15034911819&hash=item5b71912336:g:PZkAAOSwEYRePBHO
Details about   Amazon Echo Dot 3rd Generation Smart Speaker Heather Gray New FAST SHIPPING,$29.99,US,Free,https://www.ebay.com/itm/Amazon-Echo-Dot-3rd-Generation-Smart-Speaker-Heather-Gray-New-FAST-SHIPPING/373013652981?epid=26024048451&hash=item56d958a5f5:g:EZ0AAOSw76hei~Ok
Details about   Amazon Echo Dot 3rd Generation with Alexa Voice Media Device - Charcoal,$38.99,US,Free,https://www.ebay.com/itm/Amazon-Echo-Dot-3rd-Generation-with-Alexa-Voice-Media-Device-Charcoal/202966351345?epid=23033715208&hash=item2f41bcbdf1:g:y5gAAOSwl05edkdI
Details about   Amazon Echo Dot 3rd Gen - Heather Gray NEW In Box,$29.99,US,100%,https://www.ebay.com/itm/Amazon-Echo-Dot-3rd-Gen-Heather-Gray-NEW-In-Box/392748205221?epid=13024253490&hash=item5b719e04a5:g:BegAAOSwOmtehlbh
Details about   Amazon Echo Dot 2nd Generation,$19.95,US,Free,https://www.ebay.com/itm/Amazon-Echo-Dot-2nd-Generation/313053398911?epid=13027364339&hash=item48e36fc77f:g:8q8AAOSwUi5elJaA
Details about   Amazon Echo Dot (3rd Generation) Smart Speaker with Alexa Voice Heather,$30.48,US,Free,https://www.ebay.com/itm/Amazon-Echo-Dot-3rd-Generation-Smart-Speaker-with-Alexa-Voice-Heather/133380701901?epid=19035969642&hash=item1f0e1bfecd:g:u8kAAOSwETxei0aX
Details about   Brand New Amazon Echo Dot (2nd Generation) Smart Assistant with Alexa - Black,$22.99/ea,US,Free,https://www.ebay.com/itm/Brand-New-Amazon-Echo-Dot-2nd-Generation-Smart-Assistant-with-Alexa-Black/183702249802?epid=241990937&hash=item2ac581e14a:g:UcsAAOSwsnNccGOu
"Details about   Amazon Echo Dot (2nd Gen) Smart Speaker with Alexa, Black, White, New",$21.99/ea,US,100%,https://www.ebay.com/itm/Amazon-Echo-Dot-2nd-Gen-Smart-Speaker-with-Alexa-Black-White-New/283810141317?var=585235779260&hash=item4214671485:g:zF4AAOSwrgFeaCT4:sc:USPSFirstClass!44224!US!-1
Details about   Amazon Echo Dot 2nd Gen Home Music Smart Assistant Speaker w/ Alexa - White,$14.95,US,Delivery,https://www.ebay.com/itm/Amazon-Echo-Dot-2nd-Gen-Home-Music-Smart-Assistant-Speaker-w-Alexa-White/153898902847?epid=230253940&hash=item23d516e53f:g:dNEAAOSwqHtelx76
Details about   Amazon Echo Dot (3rd Generation) Smart Speaker with Clock - Sandstone,$38.50,US,Free,https://www.ebay.com/itm/Amazon-Echo-Dot-3rd-Generation-Smart-Speaker-with-Clock-Sandstone/174248044519?epid=6034528172&hash=item2891fe27e7:g:gBwAAOSwv9JeNsnD
Details about   AMAZON ECHO DOT (3nd GENERATION) SMART SPEAKER w/Alexa (CHARCOAL) *NEW in BOX!,$30.99,US,32,https://www.ebay.com/itm/AMAZON-ECHO-DOT-3nd-GENERATION-SMART-SPEAKER-w-Alexa-CHARCOAL-NEW-in-BOX/254492079340?epid=23033715208&hash=item3b40e8f4ec:g:12YAAOSwPFBeK7S2
Details about   Echo Dot (3rd Gen) - Smart speaker with Alexa - Charcoal,$15.99,US,Ships,https://www.ebay.com/itm/Echo-Dot-3rd-Gen-Smart-speaker-with-Alexa-Charcoal/184254622385?hash=item2ae66e6ab1:g:bJMAAOSwwgVelxo5
Details about   Amazon Echo Dot (3rd Generation) Smart Speaker with Alexa - Black,$24.99,US,Ships,https://www.ebay.com/itm/Amazon-Echo-Dot-3rd-Generation-Smart-Speaker-with-Alexa-Black/293547957848?hash=item4458d25e58:g:KzUAAOSwbkRelz0z
Details about   Amazon Echo Dot (3rd Generation) Smart Speaker with Clock - Sandstone,$25.00,US,Limited,https://www.ebay.com/itm/Amazon-Echo-Dot-3rd-Generation-Smart-Speaker-with-Clock-Sandstone/164158847741?epid=6034528172&hash=item2638a13afd:g:gBwAAOSwv9JeNsnD
Details about   Amazon Echo Dot 3rd Generation w/ Alexa Voice Media Device - Charcoal NIB!,$34.99,US,30-day,https://www.ebay.com/itm/Amazon-Echo-Dot-3rd-Generation-w-Alexa-Voice-Media-Device-Charcoal-NIB/373022168650?hash=item56d9da964a:g:Y78AAOSwDdxelzEI
Details about   Good Condition Amazon Echo Dot 3rd Gen Smart speaker with Alexa - Black ,$26.95,US,Free,https://www.ebay.com/itm/Good-Condition-Amazon-Echo-Dot-3rd-Gen-Smart-speaker-with-Alexa-Black/184252128136?epid=6029229919&hash=item2ae6485b88:g:NkEAAOSw9ttelM3Y
Details about   Amazon Echo Dot (3rd Generation) Smart Speaker with Clock NEW,$48.88,US,Free,https://www.ebay.com/itm/Amazon-Echo-Dot-3rd-Generation-Smart-Speaker-with-Clock-NEW/303534534516?epid=6034528172&hash=item46ac116f74:g:gBwAAOSwv9JeNsnD
Details about   Amazon Echo Dot (3rd Generation) Smart Speaker with Alexa,$34.00,US,Free,https://www.ebay.com/itm/Amazon-Echo-Dot-3rd-Generation-Smart-Speaker-with-Alexa/402197818007?epid=13024253490&_trkparms=ispr%3D1&hash=item5da4dbaa97:g:WMoAAOSwM0tehPTA&enc=AQAEAAACcIQvEcHUrT7nmUC3yY5qbPyaBN1nJEDYW8MyypsJPgXKPst8O3a018v1Mw9qxMpjJR1xV53q84IqcYoWI%2BXFrMA2E0lB%2Fh5m58gBghThsMXbdtIQjKoyIkM0aqr8IpcWcYSSrHHIR9XPr2rONRLyTfpz5wosyTQUJXMwq0VWEHSB3v3yWpHtJWbImnt2bwcaoYCH5T7Gh%2BWeiVhJQ5OFFMSI7woZzUZE3OCjgI3N%2FAZruFnQKh%2FFsYr2BglUk4oiR5V%2FJjySLkXQEXrFy%2FvstPPJuEYx%2BF8CZ9MKM0qvI8fRSpT6oGlIRFN8Aivu%2BdIEra5ys0NSc1rVyAmxXjgspZopGSHi611dojXoq2CnM8TMvMAauie0JFT0kgeGmr9OaOGb21huQ7cPsgqvYEgT7BTu7i7Mh6rmlJw58TFbTGdCe0VI10YN8J3J4SN9AlUPoAgPpiLHNW6oRt8TxoKEv3L12BTXIx7A73XofKkknC3YyKC40COem30SKHDeoIlle2o4O3YyhEqFy4w02G1yTvYczlGCup5IpSx%2FVblXGF2Drcu1L0tQjqHQfJ9TL7P4kBi7sF5%2Bc%2Botl%2FgtXbiNcvCDOXDqls%2FoL56Wq3VBLDlshn6ZXXtqVfBxFNpkATqRnQQJNkOOtKigkBh3XbxOgg%2Fu9ObDWTpVhI5s7xAFsgwdZz4VVhSNyxsZaMJAKT%2BJQ84cepaC6Du%2B2cQ5b2AD9YGOhev5QnjIuvRlN955aZ8YM87pVF6YPsTvQLShJC598KMuPZwBXoOTxVb7djwRhtTH6ELqXgUVSzxoXbU%2FmEa%2BBNskQEd9xDhpN8ozCJi3iw%3D%3D&checksum=402197818007819623e6814f41d794f79c3d670d8e5f
Details about   Amazon Echo Dot Smart Speaker,$29.99,US,Free,https://www.ebay.com/itm/Amazon-Echo-Dot-Smart-Speaker/264696317911?_trkparms=ispr%3D1&hash=item3da12147d7:g:PZkAAOSwEYRePBHO&enc=AQAEAAACcIQvEcHUrT7nmUC3yY5qbPyaBN1nJEDYW8MyypsJPgXKbpGVenk0QxwqJ7mBcQFMD%2BnpEh2JfTlZaz24B6mRT8uC7b4TPzRiFnkGXj7izrdq5j2lMzGH0ValvFZUiV3ERXKBGXd5iwZdq%2Btas02YKA9t8Tbpfef8TT1po3UlOlg4mpObkoviuCTo%2F4Oop3guieE11cW4M2lZiygQH0Sh26Ym4sjf1vB1182PP1QiVYpnPiq95ZodXsUPL7hCg77qlYWHMb7pSkCo8rubggUUY1YZSont2%2FJFP9PZcQhyoC03NSAWquKeKWEiwTggn8DkFhafFgewdmJY25%2FL4PDMXiLwBi4mgfKVX6F1JzTz3j0MP%2FXxUMOt3IdOfVxE3mxmaJHRQcxCoInoGFLKx3yf2Q1b%2BQpHhat%2B2PrcK9CHCIb548g0cjLyPFQOppa3txUREeTmgT%2BzOavHyMsMHAUmqFh8w7rhp9JIv5oPZImv1WIp5110hCHa8v6VF8g13F0xOrBfPiaC75jgj6wmtWgkgFiUHYX8i8W%2BcZn40IrCoylyBiyjANiUELhM2Ergie8ZQ8CZR1n%2F0NHPGu%2Bgsn32GdeU5tjGA8LdO%2B3uX8va%2By26m57BEFqjETLxIb6%2BGD3C8COdNa%2BLeMyTWvCP5WteFSTOybvlFueeio77sKftKV1FR%2FeKzdywHdujAnwc8mm%2F66k8z0%2Byvk5dhUGV4DVSJdFHGs5PI6Sq5oAyLuN6xZEk4r8Sf1Wmaxz8L8hPr6wrhi2UtRZ7%2Blcv1vx1vimbzmWlG%2BDFxhmOqrBq7IPR7tJiQhub9Cbf%2BL1b4fYECKQARQ%3D%3D&checksum=264696317911819623e6814f41d794f79c3d670d8e5f
Details about   Amazon Echo Dot 3rd Generation w/ Alexa Voice Media Device - Charcoal BRAND NEW!,$39.95,US,Free,https://www.ebay.com/itm/Amazon-Echo-Dot-3rd-Generation-w-Alexa-Voice-Media-Device-Charcoal-BRAND-NEW/332825107094?epid=23033715208&_trkparms=ispr%3D1&hash=item4d7dec1a96:g:F6YAAOSwRrxc9~J6:sc:USPSFirstClass!44224!US!-1&enc=AQAEAAACcIQvEcHUrT7nmUC3yY5qbPyaBN1nJEDYW8MyypsJPgXKjzb4uel3XQiGEzY4CITgmtgdZD0wMiMCu%2FDBNfpJ1RFSDelPK%2FCTC6HkL%2BB%2FqrpfKmRPFSymnAZKP5bD6rVFZEdrigm3BSYomt%2B%2F6avfhmrmHboykWLjPE8G7fSAJLdJ5%2FMz0WB8g8xt739Sr6hhC09RJeVqixsGA1KVRpfG74MYL425nwH9q2aRavKWDXAd67lRvJcdA13E60zpikHlheizhaioh7dwJN0%2BcM3j7MHEPE1%2BdKv2UZKNSnxxGf00IPsN6mtOpjBMiPgjlGqXIvj365tv%2F9GwHcd2MFtJY9WiyuPGNW15y8LogrNfxnN2ncurHplKlJH0m6R3CwDzuO9h9Nag4qGmHUiy87O7A31jvkOuur21dIj36hc3aOk6314B7aBJetnVxyTiu1ScFKNS202vT%2BoBAs%2FIPrW9WpkYxyQDpn2CFtFB%2BiJnvneOxeO31iOugojb7hAA2qD9f9Mio7rHaL8%2F%2BJAXUJS%2BXiZjdJPx3lfvvgq%2FWIP%2FXWKIsJzr1SwMEfqSP7aJ9m8hBXRG%2BMBCGkHDuiKDOxmCsM2nsv4gjnqa9%2BSwdbmH5D7FhpTe%2BR7%2BTeDekBjVCnmCBnyBTlIbpcYAbw02jlusRPZXVt068E0cJHKnw2Puc29gtX3TGrVQgQS8nt6haRNOrf5297Q2XwwE%2FwY8DzIAfdTjWSJdk3rFb6x6ETGR5YihFGd1%2FYcdc6fCSwY6dwjQn9tvSEQLOrBjxgRsWv7vEXyp9jrP4V5prAvkF%2FwMuFu7pX2attmVZ5HfN7nzde4dmg%3D%3D&checksum=332825107094d5b6b7d8c3414afdad91e8f438495330
Details about   Amazon Echo Dot 3rd Generation Smart Speaker with Clock and Alexa - Sandstone ,$49.00,US,Free,https://www.ebay.com/itm/Amazon-Echo-Dot-3rd-Generation-Smart-Speaker-with-Clock-and-Alexa-Sandstone/233386712086?epid=15034911819&_trkparms=ispr%3D1&hash=item3656ee9c16:g:fDoAAOSwr0Rdu8Ad:sc:USPSFirstClass!44224!US!-1&enc=AQAEAAACYIQvEcHUrT7nmUC3yY5qbPyaBN1nJEDYW8MyypsJPgXKprB7XQ6kzQrRwmk40BQLKIneiuJSzkUHvzJlwx5EijkCo0otRhw%2BRlkrbbjSvz6%2BtVtDE%2Br%2Bw703bxQAB3O%2BfCqZzwbhTNk17Qp3xJ%2BmwiV642Ipz7JtSokQ%2FGezkECzd96%2FfwJGt1POX0qoj3RHf%2Bc7n7%2FoRuwiHovJaaXKqlYxF%2BZSB3Tw99lUeXVgEk9lGJkqopbpjJC0heecEWSJkcBZWsT3OB73IrUShz1wZlGIYucplCVfeucQ7gogyccza8dWD8L4M1RNtBMJdwJXk1e2cJzi1YggT7dgt8PtYLrgBAekPsU7SIAfyya92Z1X9nBRXLOvR6WErFb7XrPLiNI4q%2FTJBckItOxkmsfcnpPmLICHCeFmBbPE1mZ10TXLCB9xlkyJPm9vMT%2BjNOAEi9teVNTnHP5PpcbOmpAXqX9Wk%2BL32A%2BaY9ToWYGMc4Y0w2z5su43bhRLiiko7EVlnlbnIqa%2FSWmICYyJc4PFV%2FZqeLtMVOK1ZNKdgus%2B%2FjZXMq0q42EllgpSAnknww4EYEwPNlBzunB40dxrLkGosXsbDjbwTx07B7%2BUE09ch64NulmwTAECu7LasA1EFuIxYqisXR%2BRa8L%2BrejaUMbpbvDvkS5RtWOCU5qs8Shi3%2Br2rXACftt%2FSG%2Fqv3HDn3W2RYbnO2CniZ9JK1GIiwz10WFY1iIf%2Fu0dzN%2FjmOMTfKHg07w2O9e9UNyeqOSugBsbzfCkx%2Forel9jfGQjdIHG8hqyrNEZ4K6NgPOGwk9wcnoC&checksum=233386712086d5b6b7d8c3414afdad91e8f438495330
Details about   Amazon Echo Dot 3rd Generation w/ Alexa Voice Media Device - BRAND NEW,$37.95,US,100%,https://www.ebay.com/itm/Amazon-Echo-Dot-3rd-Generation-w-Alexa-Voice-Media-Device-BRAND-NEW/283605173956?epid=26024048451&_trkparms=ispr%3D1&hash=item42082f86c4:g:R1kAAOSwDIxdd9dg&enc=AQAEAAACcIQvEcHUrT7nmUC3yY5qbPyaBN1nJEDYW8MyypsJPgXKVlA44ZLASBNW4fVOteB5X5RftvzlsBNVBannnXDXjPRpxIhNYUfjL0ZA35P%2BoqDPnPnwpOui3gpxZ92wsgqUiGhr6p9ocSrluWUXIU41aKb%2BauBwLuVGhNo5BgNekfiEtrdIap2YIUUS2kRu755kS0oAHcZ2AKQky%2BwH74z7hIr%2Bu5gEWmUDkUL%2BdKTnZCPDNBJxmDtIxZLc8fd5NBL6UfufRYrMl9ikuyM6tK%2BMDbzU7O2JRhlX17CB3P7VkZaULHqX8sgOY6G63pp43rjs2Fqf%2FtMMLkxGV6dC8Ugxq1%2FBGaT1x6G79WGC07xJ2bNZhyZ0PaXvxfjwA9BxTNuyoGxMnsgrfostWHxB8VpxMU9I4wASBnJ4SGkYsbUNQYNWnQz0ZhyVG5PShW51%2FOapt4Ois38PlpNfFygGEFdG1PWvp3XQsxJ1DaPz8%2FCSN%2F0xpmc6firc9tmAg%2Bw6vMyw%2FooZTxQr2TMdGBsUsQjadwIkq62VFr4zm8lcYK1r68l8yMF5Dmjt%2F9N3%2Fc50QYFzyfkxxSUURvhHOO6OhULB7yhwkEnpGTlrqlAU%2Fi2ST2W14EgMK1F%2BOBOGaZZRGsIU67XmqbrA5kxQYwYthb5Mrv58EelSDtd4IUUvJxi8JmrbH0SxNLUfRwkG3TSt8uQ5u9C4jMh2%2F9DbrFLSRbcL0hje9d99ZbXQrPxRgqqhsQvW2eoRAlD0DSmRd7Zhk4kmu4SgFLACkx1oHKJ538H%2FHuitlXCyVxaNOlnI4cSCCedOx0YQKVTPvXn8ni1kp02Smg%3D%3D&checksum=283605173956d5b6b7d8c3414afdad91e8f438495330
Details about   Amazon Echo Dot 3rd Generation w/ Alexa Voice Media Device - BRAND NEW,$34.95,US,100%,https://www.ebay.com/itm/Amazon-Echo-Dot-3rd-Generation-w-Alexa-Voice-Media-Device-BRAND-NEW/283840411198?epid=26024048451&_trkparms=ispr%3D1&hash=item421634f63e:g:AswAAOSwDQdejNOO&enc=AQAEAAACcIQvEcHUrT7nmUC3yY5qbPyaBN1nJEDYW8MyypsJPgXKVlA44ZLASBNW4fVOteB5XxQhV83uVmFX4gXclpdPQd4IloXpGae%2F0aF4EqmIFAa%2BI3YgdE2XTmtqNxxntQvog2prPu8jM7mNHiGQVhMrw2f9tr%2BZnr2XsWZGmUX9x9toA9tXhbidypz0sewPgypj2kk2w%2FAdn5%2BQjTaYJmeeNKxpGa9Rp6mu0hAdZNnRpSqV7fBY%2B%2F580U1C2CrYSjW7FezgnGo5RaGlWcNq0fDr%2F4K5bhkmgNqZd28CdhAAd0IP9i3XlyLuJQkxDwWQnbzKDPTh6EQ6YB5rg2QMHv4AevKL2bQRVjgqjvb7S9sDr1r1mQmQetOOCULjgBUyXwN78MgaJg38hsSR2SfJNj4HI3PJDUj1o%2F8zTSp%2BB2HmtLEW9YS4UgujiDHHyDz3RTGNP18RAhw%2BPzDQwwiyL2qimNLHhqeC0ktpHcJTUYUFwf13%2BzX9UYQAsRH6kfKsKT%2ByRqyRSnQI7%2BhMFBt%2B2ZrhnQRrcAvSVfTKmpdVzIJRJGU9YqlCGQ1%2FLKunOHtWaEv2VSXzRQ6dCB0KLKzYJvvC6e3IGNfc8GSaSsbC02jR5BXDSr3HHQe1WRav7PZaciMuIzHL%2BxZ4FWL8Acs%2FzdJibuO65ETQIlEbWg67NCDSuty%2BFKuN8D1VE79YXIoip5KodC7WqD4SSldrYaf5X3oZlci0Gj75ggtirkFZGmJ7esJb3qO9qsPFITC1eK5GIWFEXm%2FLTHM94%2BFmCJfYzCKQ3oY3P0ui85m0HWIa3IlbxpbhcqAhe2Pa71RKrIBRj6Ga5Q%3D%3D&checksum=283840411198d5b6b7d8c3414afdad91e8f438495330
Details about   Amazon Echo Dot 2nd Generation Alexa Smart Assistant Enabled Bluetooth Speaker,$17.99,US,100%,https://www.ebay.com/itm/Amazon-Echo-Dot-2nd-Generation-Alexa-Smart-Assistant-Enabled-Bluetooth-Speaker/352858842971?epid=241990937&var=622126200088&_trkparms=ispr%3D1&hash=item522806a75b:g:rssAAOSwTbRd0v2g&enc=AQAEAAACcIQvEcHUrT7nmUC3yY5qbPyaBN1nJEDYW8MyypsJPgXKVSUO5rLpLbvuHeymugu80m5m0zC569bbidECfsgup%2BNJjuGzjTRXfBR5TNH9zoGkbSq6HnoTVDsMIWk4lHdPAX4O%2BachBppD2WWsikNmFttHCwVIqr7NHa89S%2F1XziTApBpjt5MWHsU1o6yZI%2F%2F2HB6UAkO%2BNXThnL7OEg5XldxPnQBO8wngdpiK%2BqM3leJwqv5vikcHhxvidlXDd%2FElXza2%2FdY%2BQlVTr3orS6m30M5IgZwA20PVpJbLud5rjHhg3h4XclCc8Y43a9yaBogqTGA%2BrexDuE3g6faPyLH0YdeBhorr%2BXy7%2BXurNjVBA%2BWPup7snlukU9dCLgZHt5%2BH8W7k%2BD4Jj63%2Bxh2TShxXVP3CLPSihgq5NZH86Kmrq2hyyfaayXhLT7zNLJPaWDRY98N2Gjymp6pgtj%2B72rsSXl1pbTLC5ijmgaNgRrXDwNUM1KBjW98P5Q%2BgQoyqXF%2BwbTJa0A4eVIdT0krthXPfWVz2H%2BDjW7P4lMP%2FjoRZ4wtSgcEpbf6Lvo%2FtslL31o%2BPbHrMI8nMemq0fxCqR3FwfNaydM30Raja4QTp5ItxI7lSdSJDl3UMpqcm2YmPFwI2RzC%2BcjrbVjA2VNL%2FwesU%2FWzwjA0ut0ek6iZ%2FIfO5u9phlgEBVT%2BwTQOSHme0NgeTFQbtFUWe8JwHkzcUVR4dKJPW6EPDjO%2FQ%2Fyj9dGBhq%2FpIOgxpqNol1xNtzIZrK2GsuqkSEcoKd%2FqldZOcIu4bCM5Q6dOF%2FnUR2suQpk4EhseEEqTJTXMjBfqfAWrlWnrMAg%3D%3D&checksum=352858842971d5b6b7d8c3414afdad91e8f438495330
Details about   Amazon Echo Dot (3rd Generation) Smart Speaker with Alexa - BLACK,$5.00,US,Ships,https://www.ebay.com/itm/Amazon-Echo-Dot-3rd-Generation-Smart-Speaker-with-Alexa-BLACK/313055100138?epid=6029229919&hash=item48e389bcea:g:hk8AAOSwjMtelyyy
Details about   Amazon Echo Dot - 2nd Gen - Home Music Smart Assistant Speaker w/ Alexa - Black,$16.99,US,Free,https://www.ebay.com/itm/Amazon-Echo-Dot-2nd-Gen-Home-Music-Smart-Assistant-Speaker-w-Alexa-Black/233407572841?epid=241990937&hash=item36582ceb69:g:pY8AAOSwJPRehnOH:sc:USPSFirstClass!44224!US!-1
Details about   Amazon Echo Dot (3rd Generation) Smart Speaker with Alexa Voice,$34.95,US,100%,https://www.ebay.com/itm/Amazon-Echo-Dot-3rd-Generation-Smart-Speaker-with-Alexa-Voice/362848357973?var=631989473252&epid=23033715208&hash=item547b728e55:m:mrefw5TXJIPUra_BWTbWNEA
Details about   Amazon Echo Dot - 2nd Generation - Smart Speaker - Alexa Enabled - Black,$17.95/ea,US,100%,https://www.ebay.com/itm/Amazon-Echo-Dot-2nd-Generation-Smart-Speaker-Alexa-Enabled-Black/124099341826?epid=241990937&hash=item1ce4e5ae02:g:6j4AAOSwRLxeV~s2
Details about   Amazon Echo Dot 3rd Generation  - Heather Gray,$27.99,US,Limited,https://www.ebay.com/itm/Amazon-Echo-Dot-3rd-Generation-Heather-Gray/362969884235?hash=item5482b0e64b:g:odIAAOSw409elTiT
Details about   Amazon Echo Dot 3rd Gen w/ Alexa - Gray/White *BRAND NEW*,$27.45,US,100%,https://www.ebay.com/itm/Amazon-Echo-Dot-3rd-Gen-w-Alexa-Gray-White-BRAND-NEW/153885931367?var=453936434978&hash=item23d450f767:m:mXJPOpELNvfgK275Svg5KCg
Details about   Amazon Echo Dot 3rd Generation,$15.50,US,Limited,https://www.ebay.com/itm/Amazon-Echo-Dot-3rd-Generation/164154422858?hash=item26385db64a:g:Bo4AAOSweLZejhxD
Details about   Amazon Echo Dot (3rd Generation) Smart Speaker with Clock - Sandstone,$37.99,US,Free,https://www.ebay.com/itm/Amazon-Echo-Dot-3rd-Generation-Smart-Speaker-with-Clock-Sandstone/133386997573?epid=6034528172&hash=item1f0e7c0f45:g:gBwAAOSwv9JeNsnD
Details about   NEW! Echo Dot (3rd Gen) - Smart speaker with clock and Alexa - Sandstone,$37.50,US,Free,https://www.ebay.com/itm/NEW-Echo-Dot-3rd-Gen-Smart-speaker-with-clock-and-Alexa-Sandstone/164161697053?epid=2299477927&hash=item2638ccb51d:g:ThsAAOSw0P5ejgi6
Details about   Amazon Echo Dot 3rd Generation w/ Alexa Voice Media Device - Sandston BRAND NEW!,$32.99,US,100%,https://www.ebay.com/itm/Amazon-Echo-Dot-3rd-Generation-w-Alexa-Voice-Media-Device-Sandston-BRAND-NEW/264685184169?_trkparms=ispr%3D1&hash=item3da07764a9:g:fHkAAOSwHIleg49O&enc=AQAEAAACcIQvEcHUrT7nmUC3yY5qbPyaBN1nJEDYW8MyypsJPgXKbpGVenk0QxwqJ7mBcQFMDyuW4TVxNa%2BiHrBsS90Y8s2iU7GLccifX9amrBOLs86XDpYo9SOD%2BpzT1WxiUmoa%2FQR%2BkJ3omPVE3awQSiiYBHtM5ZuDk%2BCHZObp1LPV7YSnvLRJ%2BNEIl8LAPm3i2azJFdqNB2Tjkf6GZzxIDyCbIcUBJCLdm9GpN5aibXrGQo4v4nmBZQ5EuBUpSFI71IxJPENZUu8yj6mT1g%2BKILLOlJVvvNLWze2kusQ9sBODqe7zPcGEKp9AOn7R9JNwLBQS%2FMOPLYt6OXDJJ3gZWla%2Bqtx9GxR%2B5kR8J9spqpNbht2g6TuO%2FIoJZOBt0qXFMaHiPSPxG7Ay9hq6fccvuwqdHQ0YTh6yGGUy2Yn%2B2L6Q3mE8p1VE%2FvGG69s4mP718iy%2BzptbbF6yHK%2FvLxmdfFwf4fxaEfhDBLsWE3cGpDntCy8snSqRjzsNdY8BVmoptEJjbCcBt0iE5HEz0IpVkLk3pmxrEP6dnZLT%2FPD%2BTMgAuKLQWHHCkLZrKIq67sje1N4CCgyioqMRgJK9WcPKuLqJxi9%2FhClDJxykcH5jTp%2BBFb0LiY%2B6SJlN%2BDwfoN1C0IKSY%2BCtJFJYQZR3pttPJe1XvxRumuG4SWuMEmCnJeH2Ocy%2FREOTzWCMiyz1M2Q0yTmalNpgUmHmKf0O7M%2Bx76v6Jz0cHW2iigcBpXdXOYg8Q78WwCy9idam%2Frpwc%2FZvnZKG2lVfS3P3GS3%2F4hlxxIO4p1naPmvnVGmhE1DYaeQt2lhk0fcUQwkcqd46TvZHt7J0ZA%3D%3D&checksum=264685184169d5b6b7d8c3414afdad91e8f438495330
Details about   Amazon Echo Dot 2nd Gen Home Music Smart Assistant Speaker w/ Alexa - White,$19.99/ea,US,100%,https://www.ebay.com/itm/Amazon-Echo-Dot-2nd-Gen-Home-Music-Smart-Assistant-Speaker-w-Alexa-White/333403485847?epid=230253940&_trkparms=ispr%3D1&hash=item4da0657697:g:0EoAAOSw0BVeW-lX:sc:USPSFirstClass!44224!US!-1&enc=AQAEAAACcIQvEcHUrT7nmUC3yY5qbPyaBN1nJEDYW8MyypsJPgXKjzb4uel3XQiGEzY4CITgmm6iQ9IlC7dmOuPhpyjLggenswjLDQPPRfn9exZFCKt6xzz8AcFSoiofveZsTB6Ce0t7tr4ib%2FBpOjaH65nmPcqnJbHR3YMi%2Bt2zw0syVY6HKmEDy5hbeUvIdBtidkIP%2Bu3VGZ%2B7zILwy2wX8bTdH1xl0qo2Qz00u9FRRevuodKkuPWGeE6CmQ0Bgrhi%2Bojr7yCr64NGetCUWyFm%2BX3G2a9%2FP5DcjElIO8YAzX%2BRKEr6EYNeNmKzTzK0Sf8Tumurq5YdpIPYjxbvHZVGPRWfmqN5zZKK97prHQvg%2FdjBtKYPlAezlzVcuq0nwKMuzjK2%2FBRd1MGJB6UG1bVGWWQEuhjJuFGyX5m31ygLmi74k23mFbEDb5MdXaFPrmvzq2Vdwz1u5dCqTzf%2Fcu56Xo8BeFJEKK54Te2EyVneoD%2BQvenlGxbMxeFntMzwF%2FpvKOnmQcAkscLk%2B03lSC8cns7wjdigvhZBFrLxpTztuZlTwO4DBydFKXVEav1q76lI9dMxuVSop72d0CVPPfBWxdE6xAdlTAXZuflxVJXiiDXsaR4rJ8S%2Fp09PN4kKOc570IkwNbz1Zr6AFXoCyv%2F9OVvAQnNKstNS0hTuPvjMqMDp1eMLEja4luBH6WUUoQDRxQLblL3%2FJXKriJKKZACl7FcMOVSBf1wELrD0pAhoo3tNSVdS1xJdUdJk1amMDoTgUpJ7ZNquQGaFAU3neTwolrX6wbm9Twh27GjAkQGfjHCzc0VgsJVzgqSEusyXIfy2zFWkhQ%3D%3D&checksum=333403485847d5b6b7d8c3414afdad91e8f438495330
Details about   Amazon Echo Dot (3rd generation) Smart Speaker with Alexa  (Sandstone),$35.99,US,Free,https://www.ebay.com/itm/Amazon-Echo-Dot-3rd-generation-Smart-Speaker-with-Alexa-Sandstone/193413189371?_trkparms=ispr%3D1&hash=item2d08530efb:g:gIYAAOSwsKRei9XE&enc=AQAEAAACcIQvEcHUrT7nmUC3yY5qbPyaBN1nJEDYW8MyypsJPgXK4PLYVaIgu9w9Os2XtDHJeixRy1Cqqtm8xvbMIU%2Fep%2B1ekHopc75TmKKwhBccb3Po9OxEwuixmvKN6f8WStF3TTPF0eSKfXoTcs9YiPJiL3le7925BRIWCTXBm1n%2B%2BiePzvE2ZXxGxSPjuIiZuqvTqW6eAU9NUiVBGLvSzZcNOTcOD%2FcridK66vQHSunyUhA2N8h4ud8U3oe8QmMYpykGfQU6uGYsjZkxzWK0gqZzesIVSdaJaU81eyuGAWdKnLB8GF0NyRBebOocc90IYqCqNKjeX7xoNJ6al%2BFchcz%2FejuEE%2BoMPYVxF3bfB2%2Fum1ZCqVxBSgQhPhP0VAUizWEV4MbF3pyCMwO6ZL7VOvJTwemb77au0X%2BhMuHRzE4Ponq6ZlJY13NDaE2NsR%2B349vUt83WnFnldh077TIZnAxknR4l%2BA7WZZ3ZYizxUfjaEmqrwqyGTILrtY5IG%2FucaCJM3rsuSl%2FGIzdV0jE6JqZHm8ufkqWO7qCmpEXjUEITcjBrW6YlwW4PhkU1u1DzqsRngcVC0anJ1A%2BcPKAp9VjSvVASosgeGGjhXBaaRaXyL0iKM2ozyXHqb8kG4ppS8hZambonZ2yNySoy2AlAKTHm6lDDga%2BoFarEv%2FkF48Yf7CKq%2FtwRLyEFECeWqFem1H1W7t5WhGTfFFBPu4WvSC6QD8SaNHa8LqoHUkpTm3DpJ2lnl%2FXblvpJG1cJkMrlkVlZw5AVz1tT%2B1fvSGLbaF5B%2BQES6zGCBZfvK7mMhzxCtYVuMlis8zA2S%2Btd6VLU4Yt5wQ%3D%3D&checksum=193413189371d5b6b7d8c3414afdad91e8f438495330
Details about   Amazon Echo Dot 3rd Generation Smart Speaker with Clock and Alexa - Sandstone,$34.95,US,Free,https://www.ebay.com/itm/Amazon-Echo-Dot-3rd-Generation-Smart-Speaker-with-Clock-and-Alexa-Sandstone/283839890779?epid=6034528172&_trkparms=ispr%3D1&hash=item42162d055b:g:AsoAAOSwkTVehUnr&enc=AQAEAAACcIQvEcHUrT7nmUC3yY5qbPyaBN1nJEDYW8MyypsJPgXKVlA44ZLASBNW4fVOteB5X5%2FGxLLbPkbOGKTG%2Fh5cCutyFtxHPjPhpFOQBo15HLTAZVSnkjtd8aZeVsuttascosvky4VgjA1KlQkYz50Cq8OIz0LLKQ%2FdNrO0EJ%2Fv6ljpXI20GnJ%2BiRpndjtDLrRKUuyCWx1fLDuUVtAdx65exWxWUZP5VnYTTeQCrVeqcH2v7fNk2yAf3cmFqDTyTv%2FzegqRNDoV0DhpL%2F3aoscAvTARaYx4Ygz3v3usLWKB1V3%2BCDX15LENGBxJgtGcsXyKSPrfblOa1hjPC8nOVDUsTzizUAz5wGy4nMoSHf7TOEoKgZFWFZ5PffyJYhV%2FrHAMOaYpSyV4dp9MNRc8a30F68Zq9W9QJHVtkwqyVrtYxuzTDUQ8N%2BKzJ6Hm6pqXQD7pqdotvcVX%2FduvKJ8kOwCRxopPDfN0J6uQsaKtZXFfQ%2FzgRPgPCgOsnMWnZ5ajOLCq5VEhuBJ55JXa0LRBpLG%2BG2%2FaIxBlPuQDH3ZsPY7ogy3CZln%2BlD%2FSvcMJb%2FMskJb6b150ALJl%2FYNn8PApFGBf9HC0AF%2FiRmkb0y1MUNDYQpv8mt5MsjKYFuv01TIcRTJX5520GBXUJY97n%2BnPDo9GDSlyVau66TYoxqmBC071L6%2BSKzOFtJ3l6eT4XhpALvNQO2N5ZTs89gpZPxwrcSl1EWU9SUlT6Sd8Zlc7PTIZFTVnkk9ZRYtnZDviFaYVzNK%2FcDTXl2%2BJDjBd6oko1yXuPJEReBh69UyXTVnCI26kJm4rKezIbJO6CBQuTc%2F3LN1Agg%3D%3D&checksum=283839890779d5b6b7d8c3414afdad91e8f438495330
"Details about   Amazon Echo Dot 3rd Generation, NIB, Charcoal",$15.50,US,Limited,https://www.ebay.com/itm/Amazon-Echo-Dot-3rd-Generation-NIB-Charcoal/293540365717?hash=item44585e8595:g:jFQAAOSwlztejjWv
Details about   Amazon Echo Dot  3RD Gen  Sandstone Charcoal Gray Plum NEW SEALED,$34.99/ea,US,Free,https://www.ebay.com/itm/Amazon-Echo-Dot-3RD-Gen-Sandstone-Charcoal-Gray-Plum-NEW-SEALED/323530944065?var=513045919255&epid=8035047628&hash=item4b53f26e41:m:mw5kmy56E3MFDOQ7MMJFy_w:sc:USPSPriority!44224!US!-1
Details about   Amazon Echo Dot  3RD Gen Smart speaker with Alexa | Sandstone Charcoal Gray Plum,$38.99/ea,US,100%,https://www.ebay.com/itm/Amazon-Echo-Dot-3RD-Gen-Smart-speaker-with-Alexa-Sandstone-Charcoal-Gray-Plum/143501165714?var=442462469629&epid=8035047628&hash=item2169560492:g:R7kAAOSwYOxeHUG~:sc:USPSPriorityMailPaddedFlatRateEnvelope!44224!US!-1
Details about   Amazon Echo Dot (2nd Generation) Smart Assistant - White,$16.50,US,100%,https://www.ebay.com/itm/Amazon-Echo-Dot-2nd-Generation-Smart-Assistant-White/143580534771?epid=230253940&hash=item216e1117f3:g:L0oAAOSweVZelfpY
Details about   Amazon Echo Dot 3rd Generation Smart Speaker Heather Gray New | FREE SHIPPING,$30.00,US,Free,https://www.ebay.com/itm/Amazon-Echo-Dot-3rd-Generation-Smart-Speaker-Heather-Gray-New-FREE-SHIPPING/174251887856?epid=26024048451&hash=item289238ccf0:g:gAQAAOSwyvJelSCM
Details about   NEW Amazon Echo Dot 3rd Generation w/ Alexa Voice Smart Speaker PLUM,$32.99,US,Free,https://www.ebay.com/itm/NEW-Amazon-Echo-Dot-3rd-Generation-w-Alexa-Voice-Smart-Speaker-PLUM/293547972309?epid=26024048451&hash=item4458d296d5:g:73sAAOSwnTBel0Gw
Details about   Amazon Echo Dot (3rd Generation) Smart Speaker - Heather Gray,$30.00,US,Ships,https://www.ebay.com/itm/Amazon-Echo-Dot-3rd-Generation-Smart-Speaker-Heather-Gray/303541406987?epid=20034527194&hash=item46ac7a4d0b:g:pfYAAOSwl05el0Mt
Details about   Amazon Echo Dot 3rd Generation w/ Alexa Voice Media Device - Charcoal BRAND NEW!,$24.99,US,Ships,https://www.ebay.com/itm/Amazon-Echo-Dot-3rd-Generation-w-Alexa-Voice-Media-Device-Charcoal-BRAND-NEW/254570173879?hash=item3b459095b7:g:bygAAOSw4tBel0FV
Details about   Amazon Echo Dot 2nd Generation w/ Alexa Voice Media Device: black or white,$19.80/ea,US,100%,https://www.ebay.com/itm/Amazon-Echo-Dot-2nd-Generation-w-Alexa-Voice-Media-Device-black-or-white/143429176734?var=442374625307&hash=item21650b8d9e:g:cG8AAOSwpBddvF~F
Details about   Brand New Amazon Echo Dot (3rd Generation) Smart Speaker - Sandstone,$30.00,US,Free,https://www.ebay.com/itm/Brand-New-Amazon-Echo-Dot-3rd-Generation-Smart-Speaker-Sandstone/373022128488?hash=item56d9d9f968:g:1usAAOSwFLRehjGx
Details about   Amazon Echo Dot 3rd Generation w/ Alexa Voice Media Device Sandstone BRAND NEW!,$25.99/ea,US,More,https://www.ebay.com/itm/Amazon-Echo-Dot-3rd-Generation-w-Alexa-Voice-Media-Device-Sandstone-BRAND-NEW/283844578313?hash=item4216748c09:g:0REAAOSwA9xeh1rS
Details about   Amazon Echo Dot (3rd Generation) Smart Speaker with Alexa - Free shipping!!,$21.50,US,Longtime,https://www.ebay.com/itm/Amazon-Echo-Dot-3rd-Generation-Smart-Speaker-with-Alexa-Free-shipping/313053437938?epid=23033715208&hash=item48e3705ff2:g:Gh0AAOSwXaZelKwx
Details about   Amazon Echo Dot (3rd Gen) Smart Speaker with Alexa - Gray ,$29.69,US,Free,https://www.ebay.com/itm/Amazon-Echo-Dot-3rd-Gen-Smart-Speaker-with-Alexa-Gray/124153917732?hash=item1ce8267124:g:q-AAAOSwEbBeC7~g
Details about   Amazon Echo Dot - 2nd Gen - Home Music Smart Assistant Speaker w/ Alexa - Black,$18.95/ea,US,100%,https://www.ebay.com/itm/Amazon-Echo-Dot-2nd-Gen-Home-Music-Smart-Assistant-Speaker-w-Alexa-Black/223948750177?epid=241990937&hash=item342462bd61:g:4rwAAOSwVqpeb--1
Details about   Brand New Amazon Echo Dot (3rd Generation) Smart Speaker - Sandstone,$27.99,US,Limited,https://www.ebay.com/itm/Brand-New-Amazon-Echo-Dot-3rd-Generation-Smart-Speaker-Sandstone/362969883027?hash=item5482b0e193:g:mEUAAOSwc1BelTfp
Details about   Amazon Echo Dot 2nd Generation w/ Alexa Voice Media Device New Factory Sealed,$27.49,US,100%,https://www.ebay.com/itm/Amazon-Echo-Dot-2nd-Generation-w-Alexa-Voice-Media-Device-New-Factory-Sealed/233029448138?epid=241990937&hash=item3641a331ca:g:Z6AAAOSwkHFcAzXq
Details about   Amazon Echo Dot (3rd Gen) -Smart Speaker with Alexa- Heather Gray FREE SHIPPING,$30.00,US,100%,https://www.ebay.com/itm/Amazon-Echo-Dot-3rd-Gen-Smart-Speaker-with-Alexa-Heather-Gray-FREE-SHIPPING/153889769047?epid=26024048451&hash=item23d48b8657:g:TXwAAOSwnAJeh518
Details about   Amazon Echo Dot 3rd Gen - D9N29T - Great!,$11.48,US,Ships,https://www.ebay.com/itm/Amazon-Echo-Dot-3rd-Gen-D9N29T-Great/124153978972?epid=26024048451&hash=item1ce827605c:g:fT0AAOSwbkleljm1
Details about   Amazon Echo Dot 3rd Generation w/ Alexa Voice Media Device - Charcoal*BRAND NEW*,$45.95/ea,US,100%,https://www.ebay.com/itm/Amazon-Echo-Dot-3rd-Generation-w-Alexa-Voice-Media-Device-Charcoal-BRAND-NEW/183915970090?hash=item2ad23efe2a:g:HCwAAOSwLVNdTtxI
Details about   New Amazon Echo Dot 3rd Generation w/ Alexa Voice - Heather Gray - Free Ship,$30.00,US,Free,https://www.ebay.com/itm/New-Amazon-Echo-Dot-3rd-Generation-w-Alexa-Voice-Heather-Gray-Free-Ship/254566942116?epid=13024253490&hash=item3b455f45a4:g:dcgAAOSwnfVekl~g:sc:USPSFirstClass!44224!US!-1
Details about   Amazon Echo Dot 3rd Gen - Smart speaker with Alexa - Heather Grey BRAND NEW,$39.98/ea,US,100%,https://www.ebay.com/itm/Amazon-Echo-Dot-3rd-Gen-Smart-speaker-with-Alexa-Heather-Grey-BRAND-NEW/313043068875?epid=26024048451&_trkparms=ispr%3D1&hash=item48e2d227cb:g:8HUAAOSwtzZeg53O&enc=AQAEAAACcIQvEcHUrT7nmUC3yY5qbPyaBN1nJEDYW8MyypsJPgXK9t7xxMj3q%2B%2B%2Bz%2BPuf4iZrQPEXGQTR7CX2SMLykcVqbqE9W40PlY9E0KV8djXzWnhb94SGksIUIZxfRupdoySyxDRioWWsTLOdLq4BlytogS2VZYoz2uIEcZq2GaPeB4vTTzjQi9JGHhWf70%2BsKLOmjluERbva1pHKYRiHHaF%2FCpzysrovxlSBVX0NmyFsfgA60XylOQ4jNmDJQiMKrLUWRoAyAvgOkcMXFv7cjrGrnKTSXje9vINVrg4NwW0ws8yVllHkpo4JSas5xMZ0ur9suq3TwiE3BIFRS2WQN0WkBFlNioVqfZOAkIlpbJSqtpH8oRtt9%2BSRbutxzCd%2BLceoatfJlCGLvsDnCLwzJZuY%2FCbApWldNLcldDwyfg1WhmlkmxW4xYxz9fTNec16Hzk%2Fe%2FKaQNEYSJLaGFigVEoaHtlBK4pfdodO65yF%2BNTAfXtPi8d0CntToNgpfWNpbN%2Fd1otR%2F7SVqDXAan4WHFrgF00TkjiEzps7nai6n1MbLOtNy0o5DNad2Rd%2FqxIvht8YD5gJm0r1oKRP%2Bk67kdAw7Dck3u42rOTbXzyniJiluY%2FJOGOrP%2BmUklNpBZy4Mf4XJn%2BJsUeML5MlrO4DSdLTHhSB5ToIeBHQJ0w3pb4fR4hwtcjdq%2F9VM8Xg%2FPxCt%2BoYlRUFk7s6JkxrrTk1jWresw2E2tp3rz3nV1irwW3LKQfDM0gCC9wqkx5wP0PfqeKpfqZk3npuaII1F7WqUDWTzzMvnS65ucYou82Ax%2BWSJHhV3Ebn%2BsgygUIaG2NBCrapA%3D%3D&checksum=313043068875d5b6b7d8c3414afdad91e8f438495330
Details about   Echo Dot Amazon  2nd Gen - Home Music Smart Assistant Speaker w/ Alexa - Black,$22.90,US,Free,https://www.ebay.com/itm/Echo-Dot-Amazon-2nd-Gen-Home-Music-Smart-Assistant-Speaker-w-Alexa-Black/164162247478?epid=241990937&_trkparms=ispr%3D1&hash=item2638d51b36:g:nnEAAOSw0yJelzbm&enc=AQAEAAACcIQvEcHUrT7nmUC3yY5qbPyaBN1nJEDYW8MyypsJPgXKym2Jdff8P6pcVkPslsrmD%2Bp5i2qo9xLljQwtE5mohCkgKOwE1EHbEW28%2Ft5CTHzp6OGh5LIqlF9lnTrOSxindn0hg6wKTdQRWgDUjnanO7p%2FFVt1JmIAJegGtdI3wL7OJS8P6EpOQrMFWlbWcxj9ZtGpiPl%2FSEdE67z%2B8lyWmJwF8aECNXxHUituzVnbTTwqk2SXNKkKonpt3D%2BoW7dmYFI1DRPVYNbIPEyX4XSV5eRoInigJZ5Y0T2IEIb3wO%2BMtmghLEHpLP0FZkflP%2BOwVZaUdSgqJrMOlaslyk%2FmAfjuKepRU5GgPVoww8a6srXRxNnoss%2FgMO1uWeBDvXmsAugbYwyh6C8P3DH6qK4xR%2BbGhp7MSmpZ3IIx%2FTnhUNsisIp8TpDcJUJLkymVieQVCz66Uxx4GZtXAhW0MvPDliVRpI79OzV10sCNX%2BxqwiffialhQvXYhugx2kq9KICBMvqsj0kTP%2FFTvk0XwyJOl4PzmQA61zWKFuDFrQ4NnK7LZwCOOqqSsI8vZYpGDRhFbiivBaqangEGdvop4egpFYF2Oss9YQCoXSysbdimyClruijPpxAwAzr%2F0VnLxb5QBWE7HuamoosBhsegsZ%2BdiQIpZSpRrj6%2FyYK%2FD6%2B1xqB8siSbOAcCN53Abkn7C6Tx33gCqIpWgX8VlPxp%2BWFslgcuyFVzHTJRZY7I3dlwGpz7WZ7LjTO%2FHooZkOblTQlk5Io7g%2FlFB3PyPa38KZPhE53PfS3Cxo2cq4vz9WgvBJYbm2RYSP3jYxEJg165humThw%3D%3D&checksum=164162247478d5b6b7d8c3414afdad91e8f438495330
Details about   Amazon Echo Dot 3rd Generation  - Heather Gray/ Sandstone White. FREE SHIPPING,$30.00,US,Free,https://www.ebay.com/itm/Amazon-Echo-Dot-3rd-Generation-Heather-Gray-Sandstone-White-FREE-SHIPPING/124152983936?epid=13024253490&hash=item1ce8183180:g:wSIAAOSwlwRejVqc
Details about   Amazon Echo Dot (3rd Generation) Smart Speaker with Alexa - Black,$23.00,US,Ships,https://www.ebay.com/itm/Amazon-Echo-Dot-3rd-Generation-Smart-Speaker-with-Alexa-Black/283848719059?epid=6029229919&hash=item4216b3bad3:g:CckAAOSwwyFel0Pv
Details about   Amazon Echo Dot (3rd generation) Smart Speaker with Alexa  (Heather Gray),$18.99,US,Delivery,https://www.ebay.com/itm/Amazon-Echo-Dot-3rd-generation-Smart-Speaker-with-Alexa-Heather-Gray/193413184783?epid=0&hash=item2d0852fd0f:g:1gcAAOSwxrJei9F5
Details about   Amazon Echo Dot (3rd Generation) Smart Speaker with Alexa Voice,$8.80,US,Ships,https://www.ebay.com/itm/Amazon-Echo-Dot-3rd-Generation-Smart-Speaker-with-Alexa-Voice/153895053581?hash=item23d4dc290d:g:CoUAAOSwXsBekj9n
Details about   Amazon Echo Dot Smart Speaker - Sandstone,$29.99,US,Limited,https://www.ebay.com/itm/Amazon-Echo-Dot-Smart-Speaker-Sandstone/392747361078?epid=15034911819&hash=item5b71912336:g:PZkAAOSwEYRePBHO
Details about   Amazon Echo Dot 3rd Generation Smart Speaker Heather Gray New FAST SHIPPING,$29.99,US,Free,https://www.ebay.com/itm/Amazon-Echo-Dot-3rd-Generation-Smart-Speaker-Heather-Gray-New-FAST-SHIPPING/373013652981?epid=26024048451&hash=item56d958a5f5:g:EZ0AAOSw76hei~Ok
Details about   Amazon Echo Dot 3rd Generation with Alexa Voice Media Device - Charcoal,$38.99,US,Free,https://www.ebay.com/itm/Amazon-Echo-Dot-3rd-Generation-with-Alexa-Voice-Media-Device-Charcoal/202966351345?epid=23033715208&hash=item2f41bcbdf1:g:y5gAAOSwl05edkdI
Details about   Amazon Echo Dot 3rd Gen - Heather Gray NEW In Box,$29.99,US,100%,https://www.ebay.com/itm/Amazon-Echo-Dot-3rd-Gen-Heather-Gray-NEW-In-Box/392748205221?epid=13024253490&hash=item5b719e04a5:g:BegAAOSwOmtehlbh
Details about   Amazon Echo Dot 2nd Generation,$19.95,US,Free,https://www.ebay.com/itm/Amazon-Echo-Dot-2nd-Generation/313053398911?epid=13027364339&hash=item48e36fc77f:g:8q8AAOSwUi5elJaA
Details about   Amazon Echo Dot (3rd Generation) Smart Speaker with Alexa Voice Heather,$30.48,US,Free,https://www.ebay.com/itm/Amazon-Echo-Dot-3rd-Generation-Smart-Speaker-with-Alexa-Voice-Heather/133380701901?epid=19035969642&hash=item1f0e1bfecd:g:u8kAAOSwETxei0aX
"Details about   Amazon Echo Dot (2nd Gen) Smart Speaker with Alexa, Black, White, New",$21.99/ea,US,100%,https://www.ebay.com/itm/Amazon-Echo-Dot-2nd-Gen-Smart-Speaker-with-Alexa-Black-White-New/283810141317?var=585235779260&hash=item4214671485:g:zF4AAOSwrgFeaCT4:sc:USPSFirstClass!44224!US!-1
Details about   Amazon Echo Dot 2nd Gen Home Music Smart Assistant Speaker w/ Alexa - White,$14.95,US,Delivery,https://www.ebay.com/itm/Amazon-Echo-Dot-2nd-Gen-Home-Music-Smart-Assistant-Speaker-w-Alexa-White/153898902847?epid=230253940&hash=item23d516e53f:g:dNEAAOSwqHtelx76
Details about   Amazon Echo Dot (3rd Generation) Smart Speaker with Clock - Sandstone,$38.50,US,Free,https://www.ebay.com/itm/Amazon-Echo-Dot-3rd-Generation-Smart-Speaker-with-Clock-Sandstone/174248044519?epid=6034528172&hash=item2891fe27e7:g:gBwAAOSwv9JeNsnD
Details about   AMAZON ECHO DOT (3nd GENERATION) SMART SPEAKER w/Alexa (CHARCOAL) *NEW in BOX!,$30.99,US,32,https://www.ebay.com/itm/AMAZON-ECHO-DOT-3nd-GENERATION-SMART-SPEAKER-w-Alexa-CHARCOAL-NEW-in-BOX/254492079340?epid=23033715208&hash=item3b40e8f4ec:g:12YAAOSwPFBeK7S2
Details about   Brand New Amazon Echo Dot (2nd Generation) Smart Assistant with Alexa - Black,$22.99/ea,US,Free,https://www.ebay.com/itm/Brand-New-Amazon-Echo-Dot-2nd-Generation-Smart-Assistant-with-Alexa-Black/183702249802?epid=241990937&hash=item2ac581e14a:g:UcsAAOSwsnNccGOu
Details about   Echo Dot (3rd Gen) - Smart speaker with Alexa - Charcoal,$15.99,US,Ships,https://www.ebay.com/itm/Echo-Dot-3rd-Gen-Smart-speaker-with-Alexa-Charcoal/184254622385?hash=item2ae66e6ab1:g:bJMAAOSwwgVelxo5
Details about   Amazon Echo Dot (3rd Generation) Smart Speaker with Alexa - Black,$24.99,US,Ships,https://www.ebay.com/itm/Amazon-Echo-Dot-3rd-Generation-Smart-Speaker-with-Alexa-Black/293547957848?hash=item4458d25e58:g:KzUAAOSwbkRelz0z
Details about   Amazon Echo Dot (3rd Generation) Smart Speaker with Clock - Sandstone,$25.00,US,Limited,https://www.ebay.com/itm/Amazon-Echo-Dot-3rd-Generation-Smart-Speaker-with-Clock-Sandstone/164158847741?epid=6034528172&hash=item2638a13afd:g:gBwAAOSwv9JeNsnD
Details about   Amazon Echo Dot 3rd Generation w/ Alexa Voice Media Device - Charcoal NIB!,$34.99,US,30-day,https://www.ebay.com/itm/Amazon-Echo-Dot-3rd-Generation-w-Alexa-Voice-Media-Device-Charcoal-NIB/373022168650?hash=item56d9da964a:g:Y78AAOSwDdxelzEI
Details about   Good Condition Amazon Echo Dot 3rd Gen Smart speaker with Alexa - Black ,$26.95,US,Free,https://www.ebay.com/itm/Good-Condition-Amazon-Echo-Dot-3rd-Gen-Smart-speaker-with-Alexa-Black/184252128136?epid=6029229919&hash=item2ae6485b88:g:NkEAAOSw9ttelM3Y
Details about   Echo Dot (3rd Gen) - Smart speaker with Alexa - Heather Gray,$29.95,US,Free,https://www.ebay.com/itm/Echo-Dot-3rd-Gen-Smart-speaker-with-Alexa-Heather-Gray/223978283295?epid=13024253490&hash=item342625611f:g:2m8AAOSwQahefPty
Details about   Amazon Echo Dot (3rd Generation) Smart Speaker with Alexa,$34.00,US,Free,https://www.ebay.com/itm/Amazon-Echo-Dot-3rd-Generation-Smart-Speaker-with-Alexa/402197818007?epid=13024253490&_trkparms=ispr%3D1&hash=item5da4dbaa97:g:WMoAAOSwM0tehPTA&enc=AQAEAAACcIQvEcHUrT7nmUC3yY5qbPyaBN1nJEDYW8MyypsJPgXKPst8O3a018v1Mw9qxMpjJR1xV53q84IqcYoWI%2BXFrMA2E0lB%2Fh5m58gBghThsMXbdtIQjKoyIkM0aqr8IpcWcYSSrHHIR9XPr2rONRLyTfpz5wosyTQUJXMwq0VWEHSB3v3yWpHtJWbImnt2bwcaoYCH5T7Gh%2BWeiVhJQ5OFFMSI7woZzUZE3OCjgI3N%2FAZruFnQKh%2FFsYr2BglUk4oiR5V%2FJjySLkXQEXrFy%2FvstPPJuEYx%2BF8CZ9MKM0qvI8fRSpT6oGlIRFN8Aivu%2BdIEra5ys0NSc1rVyAmxXjgspZq55iSIRKGQdGnbTMSiCZaUdeDiIx%2B7HGTQmugCxQnDALyEk0lUx7VMliTYb7pYWoVRcHM1ma%2FqtKkvM3DuLpMIaRB8Z5p3arrrgvsyXELdWvfE63QpkQ0O8dlcSFinS5j3xCeDnwdQX5JxzB9ptt%2BPvNHsjge%2Br8uUQ%2BgzYoPrtbzeCo7GYxiclvGWsXLb%2BUBW0VTSDNOwbPcQKlwSdfsEV0Zv5S%2BiTj5%2FzkZRulG6NTOu74y9nkRGgXQUxvGQzGh6gJGls44SFYHnEGBJPCMFOfs48aPMLZSI2w64D42YZ2z%2BgES2PnfnVDnvEdaLJg3jkx5qkJoY2I2uiBJM57%2BpwhsRGt%2FbDPTPBc3uA8GGtQV%2Fuk1MKX8DtIxIWEsmBuASayWNo0RYnkPgAPDcHLi9UUSY%2F%2B5nJB8r7icwU2RpqHefa9py%2B9sxJNtk2%2BeENKW0MbUmAsoBWhtIch9oAt%2Bz4TPqmDTR%2BqZUqVSrE%2BltkA%3D%3D&checksum=402197818007d5b6b7d8c3414afdad91e8f438495330
Details about   Amazon Echo Dot Smart Speaker,$29.99,US,Free,https://www.ebay.com/itm/Amazon-Echo-Dot-Smart-Speaker/264696317911?_trkparms=ispr%3D1&hash=item3da12147d7:g:PZkAAOSwEYRePBHO&enc=AQAEAAACcIQvEcHUrT7nmUC3yY5qbPyaBN1nJEDYW8MyypsJPgXKbpGVenk0QxwqJ7mBcQFMD%2BnpEh2JfTlZaz24B6mRT8uC7b4TPzRiFnkGXj7izrdq5j2lMzGH0ValvFZUiV3ERXKBGXd5iwZdq%2Btas02YKA9t8Tbpfef8TT1po3UlOlg4mpObkoviuCTo%2F4Oop3guieE11cW4M2lZiygQH0Sh26Ym4sjf1vB1182PP1QiVYpnPiq95ZodXsUPL7hCg77qlYWHMb7pSkCo8rubggUUY1YZSont2%2FJFP9PZcQhyoC03NSAWquKeKWEiwTggn8DkFhafFgewdmJY25%2FL4PDMXiKEEx%2Fk6mhxJBtqZqeukdtfULCTrQoxRlZ55ZrlwUDe999tVB%2BmV87LaWTXroclWMIISXDXOFiKt8Vq40rUwkoM5jMETrPa%2FFb9YOGaKWefzH%2B0LwzAcOZq%2F6fXEwgfXw73GmUKJuyZQ1p9ALyzh1XaYYHJc9PLz3hFSXkbVW6tfMbP5YQ5zhY%2Fk19r5J9NAez2iPzH4%2FqqcFisQZgEJeCr%2Bk4FTDCgfW3w9kShkghH1%2BxqiFKeQvzF%2FX0cXR6Mvwp3%2Fp72N34Rz1mO%2B9OqX37%2F4uzqiARVCMiOJe%2BieBKrw3yl70DJsZdvfPgWwzZLorohoyezAhPGUa0XhFOLFRmbLJ5g1AX8vrA2u1KsY%2FcHBF4vRjW2lLxkaByrrFkqTAcAyGDFqTVx2ZiX5So2iKtdGVg5qnypDUoBHLaDypl%2B0D8tX1mNAJeN8Kh6TjoJvVWOX9BX1OhOjdqII4EwJznD5oZtiCXmbAZCUW4o8z7IuA%3D%3D&checksum=264696317911d5b6b7d8c3414afdad91e8f438495330
